tec_run_started_utc,tec_canonical_host,tec_endpoint,tec_page,event.id,event.global_id,event.title,event.start_date,event.utc_start_date,event.end_date,event.utc_end_date,event.timezone,event.all_day,event.featured,event.status,event.url,event.website,event.purchase_link,event.cost,event.cost_details_json,event.categories_json,event.tags_json,event.venue_json,event.organizer_json,event.description,event.excerpt,event.image_json,event.custom_fields_json,event.hide_from_listings,event.is_virtual,event.virtual_url,event.virtual_video_source,event.modified,event.modified_utc,event.show_map,event.show_map_link,event.subevents_json,event.ticketed,event.ticketed_json
2026-09-30T15:38:46Z,rooneyspalmbay.com,https://rooneyspalmbay.com/wp-json/tribe/events/v1/events,1,3039,rooneyspalmbay.com?id=3039,Denise Turner,2026-10-03 18:00:00,2026-10-03 22:00:00,2026-10-03 18:00:00,2026-10-03 22:00:00,America/New_York,false,false,publish,https://rooneyspalmbay.com/event/denise-turner-2/,,,,"{""currency_symbol"":"""",""currency_code"":"""",""currency_position"":""prefix"",""values"":[]}","[{""id"":373,""name"":""Live Music"",""slug"":""live-music"",""parent"":0},{""id"":374,""name"":""Outside Bar"",""slug"":""outside-bar"",""parent"":0},{""id"":372,""name"":""Saturday Event"",""slug"":""saturday-event"",""parent"":0}]",[],"{""id"":2996,""global_id"":""rooneyspalmbay.com?id=2996"",""venue"":""Rooney&#8217;s"",""address"":""2641 Palm Bay Rd NE"",""city"":""Palm Bay"",""country"":""United States"",""province"":""FL"",""state"":""FL"",""zip"":""32905"",""url"":""https://rooneyspalmbay.com/venue/rooneys-inside/"",""show_map"":true,""show_map_link"":true}",[],,,false,[],false,,,,2026-06-01 14:18:42,2026-06-01 18:18:42,false,false,,,
2026-09-30T15:38:46Z,rooneyspalmbay.com,https://rooneyspalmbay.com/wp-json/tribe/events/v1/events,1,3207,rooneyspalmbay.com?id=3207,Heatstroke,2026-10-10 18:00:00,2026-10-10 22:00:00,2026-10-10 18:00:00,2026-10-10 22:00:00,America/New_York,false,false,publish,https://rooneyspalmbay.com/event/heatstroke-october/,,,,"{""currency_symbol"":"""",""currency_code"":"""",""currency_position"":"""",""values"":[]}","[{""id"":373,""name"":""Live Music"",""slug"":""live-music"",""parent"":0},{""id"":374,""name"":""Outside Bar"",""slug"":""outside-bar"",""parent"":0},{""id"":372,""name"":""Saturday Event"",""slug"":""saturday-event"",""parent"":0}]",[],"{""id"":2996,""global_id"":""rooneyspalmbay.com?id=2996"",""venue"":""Rooney&#8217;s"",""address"":""2641 Palm Bay Rd NE"",""city"":""Palm Bay"",""country"":""United States"",""province"":""FL"",""state"":""FL"",""zip"":""32905"",""url"":""https://rooneyspalmbay.com/venue/rooneys-inside/"",""show_map"":true,""show_map_link"":true}","[{""id"":2948,""global_id"":""rooneyspalmbay.com?id=2948"",""organizer"":""Rooney&#8217;s Restaurant"",""url"":""https://rooneyspalmbay.com/organizer/rooneys-restaurant/"",""website"":""https://rooneyspalmbay.com/"",""phone"":""321-724-8520"",""email"":""RooneysInc81@gmail.com""}]",,,false,[],false,,,,2026-06-02 16:16:34,2026-06-02 20:16:34,true,true,,,
2026-09-30T15:38:46Z,rooneyspalmbay.com,https://rooneyspalmbay.com/wp-json/tribe/events/v1/events,1,3210,rooneyspalmbay.com?id=3210,Vince Love,2026-10-24 18:00:00,2026-10-24 22:00:00,2026-10-24 18:00:00,2026-10-24 22:00:00,America/New_York,false,false,publish,https://rooneyspalmbay.com/event/vince-love-october/,,,,"{""currency_symbol"":"""",""currency_code"":"""",""currency_position"":"""",""values"":[]}","[{""id"":373,""name"":""Live Music"",""slug"":""live-music"",""parent"":0},{""id"":374,""name"":""Outside Bar"",""slug"":""outside-bar"",""parent"":0},{""id"":372,""name"":""Saturday Event"",""slug"":""saturday-event"",""parent"":0}]",[],"{""id"":2996,""global_id"":""rooneyspalmbay.com?id=2996"",""venue"":""Rooney&#8217;s"",""address"":""2641 Palm Bay Rd NE"",""city"":""Palm Bay"",""country"":""United States"",""province"":""FL"",""state"":""FL"",""zip"":""32905"",""url"":""https://rooneyspalmbay.com/venue/rooneys-inside/"",""show_map"":true,""show_map_link"":true}","[{""id"":2948,""global_id"":""rooneyspalmbay.com?id=2948"",""organizer"":""Rooney&#8217;s Restaurant"",""url"":""https://rooneyspalmbay.com/organizer/rooneys-restaurant/"",""website"":""https://rooneyspalmbay.com/"",""phone"":""321-724-8520"",""email"":""RooneysInc81@gmail.com""}]",,,false,[],false,,,,2026-06-02 16:18:48,2026-06-02 20:18:48,true,true,,,
2026-09-30T15:38:46Z,rooneyspalmbay.com,https://rooneyspalmbay.com/wp-json/tribe/events/v1/events,1,3213,rooneyspalmbay.com?id=3213,Michele Wood,2026-10-31 18:00:00,2026-10-31 22:00:00,2026-10-31 18:00:00,2026-10-31 22:00:00,America/New_York,false,false,publish,https://rooneyspalmbay.com/event/michele-wood-october/,,,,"{""currency_symbol"":"""",""currency_code"":"""",""currency_position"":"""",""values"":[]}","[{""id"":373,""name"":""Live Music"",""slug"":""live-music"",""parent"":0},{""id"":374,""name"":""Outside Bar"",""slug"":""outside-bar"",""parent"":0},{""id"":372,""name"":""Saturday Event"",""slug"":""saturday-event"",""parent"":0}]",[],"{""id"":2996,""global_id"":""rooneyspalmbay.com?id=2996"",""venue"":""Rooney&#8217;s"",""address"":""2641 Palm Bay Rd NE"",""city"":""Palm Bay"",""country"":""United States"",""province"":""FL"",""state"":""FL"",""zip"":""32905"",""url"":""https://rooneyspalmbay.com/venue/rooneys-inside/"",""show_map"":true,""show_map_link"":true}","[{""id"":2948,""global_id"":""rooneyspalmbay.com?id=2948"",""organizer"":""Rooney&#8217;s Restaurant"",""url"":""https://rooneyspalmbay.com/organizer/rooneys-restaurant/"",""website"":""https://rooneyspalmbay.com/"",""phone"":""321-724-8520"",""email"":""RooneysInc81@gmail.com""}]",,,false,[],false,,,,2026-06-02 16:20:28,2026-06-02 20:20:28,true,true,,,
2026-09-30T15:38:46Z,rooneyspalmbay.com,https://rooneyspalmbay.com/wp-json/tribe/events/v1/events,1,2985,rooneyspalmbay.com?id=2985,Absolute Blue,2026-11-07 18:00:00,2026-11-07 23:00:00,2026-11-07 18:00:00,2026-11-07 23:00:00,America/New_York,false,false,publish,https://rooneyspalmbay.com/event/absolute-blues-2/,,,,"{""currency_symbol"":"""",""currency_code"":"""",""currency_position"":""prefix"",""values"":[]}","[{""id"":375,""name"":""Inside Bar"",""slug"":""inside-bar"",""parent"":0},{""id"":373,""name"":""Live Music"",""slug"":""live-music"",""parent"":0},{""id"":372,""name"":""Saturday Event"",""slug"":""saturday-event"",""parent"":0}]",[],"{""id"":2996,""global_id"":""rooneyspalmbay.com?id=2996"",""venue"":""Rooney&#8217;s"",""address"":""2641 Palm Bay Rd NE"",""city"":""Palm Bay"",""country"":""United States"",""province"":""FL"",""state"":""FL"",""zip"":""32905"",""url"":""https://rooneyspalmbay.com/venue/rooneys-inside/"",""show_map"":true,""show_map_link"":true}","[{""id"":2948,""global_id"":""rooneyspalmbay.com?id=2948"",""organizer"":""Rooney&#8217;s Restaurant"",""url"":""https://rooneyspalmbay.com/organizer/rooneys-restaurant/"",""website"":""https://rooneyspalmbay.com/"",""phone"":""321-724-8520"",""email"":""RooneysInc81@gmail.com""}]",,,false,[],false,,,,2026-06-02 16:25:35,2026-06-02 20:25:35,true,true,,,
2026-09-30T15:38:46Z,rooneyspalmbay.com,https://rooneyspalmbay.com/wp-json/tribe/events/v1/events,1,3041,rooneyspalmbay.com?id=3041,Alexander James,2026-11-07 18:00:00,2026-11-07 23:00:00,2026-11-07 18:00:00,2026-11-07 23:00:00,America/New_York,false,false,publish,https://rooneyspalmbay.com/event/alexander-james-3/,,,,"{""currency_symbol"":"""",""currency_code"":"""",""currency_position"":""prefix"",""values"":[]}","[{""id"":373,""name"":""Live Music"",""slug"":""live-music"",""parent"":0},{""id"":374,""name"":""Outside Bar"",""slug"":""outside-bar"",""parent"":0},{""id"":372,""name"":""Saturday Event"",""slug"":""saturday-event"",""parent"":0}]",[],"{""id"":2996,""global_id"":""rooneyspalmbay.com?id=2996"",""venue"":""Rooney&#8217;s"",""address"":""2641 Palm Bay Rd NE"",""city"":""Palm Bay"",""country"":""United States"",""province"":""FL"",""state"":""FL"",""zip"":""32905"",""url"":""https://rooneyspalmbay.com/venue/rooneys-inside/"",""show_map"":true,""show_map_link"":true}","[{""id"":2948,""global_id"":""rooneyspalmbay.com?id=2948"",""organizer"":""Rooney&#8217;s Restaurant"",""url"":""https://rooneyspalmbay.com/organizer/rooneys-restaurant/"",""website"":""https://rooneyspalmbay.com/"",""phone"":""321-724-8520"",""email"":""RooneysInc81@gmail.com""}]",,,false,[],false,,,,2026-06-02 16:22:59,2026-06-02 20:22:59,true,true,,,
2026-09-30T15:38:46Z,rooneyspalmbay.com,https://rooneyspalmbay.com/wp-json/tribe/events/v1/events,1,3216,rooneyspalmbay.com?id=3216,Kore,2026-11-13 18:00:00,2026-11-13 23:00:00,2026-11-13 18:00:00,2026-11-13 23:00:00,America/New_York,false,false,publish,https://rooneyspalmbay.com/event/kore-november/,,,,"{""currency_symbol"":"""",""currency_code"":"""",""currency_position"":"""",""values"":[]}","[{""id"":371,""name"":""Friday Event"",""slug"":""friday-event"",""parent"":0},{""id"":373,""name"":""Live Music"",""slug"":""live-music"",""parent"":0},{""id"":374,""name"":""Outside Bar"",""slug"":""outside-bar"",""parent"":0}]",[],"{""id"":2996,""global_id"":""rooneyspalmbay.com?id=2996"",""venue"":""Rooney&#8217;s"",""address"":""2641 Palm Bay Rd NE"",""city"":""Palm Bay"",""country"":""United States"",""province"":""FL"",""state"":""FL"",""zip"":""32905"",""url"":""https://rooneyspalmbay.com/venue/rooneys-inside/"",""show_map"":true,""show_map_link"":true}","[{""id"":2948,""global_id"":""rooneyspalmbay.com?id=2948"",""organizer"":""Rooney&#8217;s Restaurant"",""url"":""https://rooneyspalmbay.com/organizer/rooneys-restaurant/"",""website"":""https://rooneyspalmbay.com/"",""phone"":""321-724-8520"",""email"":""RooneysInc81@gmail.com""}]",,,false,[],false,,,,2026-06-02 16:24:54,2026-06-02 20:24:54,true,true,,,
2026-09-30T15:38:46Z,rooneyspalmbay.com,https://rooneyspalmbay.com/wp-json/tribe/events/v1/events,1,3220,rooneyspalmbay.com?id=3220,Triple Shot,2026-11-20 18:00:00,2026-11-20 23:00:00,2026-11-20 18:00:00,2026-11-20 23:00:00,America/New_York,false,false,publish,https://rooneyspalmbay.com/event/triple-shot-november/,,,,"{""currency_symbol"":"""",""currency_code"":"""",""currency_position"":"""",""values"":[]}","[{""id"":371,""name"":""Friday Event"",""slug"":""friday-event"",""parent"":0},{""id"":373,""name"":""Live Music"",""slug"":""live-music"",""parent"":0},{""id"":374,""name"":""Outside Bar"",""slug"":""outside-bar"",""parent"":0}]",[],"{""id"":2996,""global_id"":""rooneyspalmbay.com?id=2996"",""venue"":""Rooney&#8217;s"",""address"":""2641 Palm Bay Rd NE"",""city"":""Palm Bay"",""country"":""United States"",""province"":""FL"",""state"":""FL"",""zip"":""32905"",""url"":""https://rooneyspalmbay.com/venue/rooneys-inside/"",""show_map"":true,""show_map_link"":true}","[{""id"":2948,""global_id"":""rooneyspalmbay.com?id=2948"",""organizer"":""Rooney&#8217;s Restaurant"",""url"":""https://rooneyspalmbay.com/organizer/rooneys-restaurant/"",""website"":""https://rooneyspalmbay.com/"",""phone"":""321-724-8520"",""email"":""RooneysInc81@gmail.com""}]",,,false,[],false,,,,2026-06-02 16:27:07,2026-06-02 20:27:07,true,true,,,
2026-09-30T15:38:46Z,rooneyspalmbay.com,https://rooneyspalmbay.com/wp-json/tribe/events/v1/events,1,3042,rooneyspalmbay.com?id=3042,Keano B,2026-11-21 18:00:00,2026-11-21 23:00:00,2026-11-21 18:00:00,2026-11-21 23:00:00,America/New_York,false,false,publish,https://rooneyspalmbay.com/event/keano-b-3/,,,,"{""currency_symbol"":"""",""currency_code"":"""",""currency_position"":""prefix"",""values"":[]}","[{""id"":373,""name"":""Live Music"",""slug"":""live-music"",""parent"":0},{""id"":374,""name"":""Outside Bar"",""slug"":""outside-bar"",""parent"":0},{""id"":372,""name"":""Saturday Event"",""slug"":""saturday-event"",""parent"":0}]",[],"{""id"":2996,""global_id"":""rooneyspalmbay.com?id=2996"",""venue"":""Rooney&#8217;s"",""address"":""2641 Palm Bay Rd NE"",""city"":""Palm Bay"",""country"":""United States"",""province"":""FL"",""state"":""FL"",""zip"":""32905"",""url"":""https://rooneyspalmbay.com/venue/rooneys-inside/"",""show_map"":true,""show_map_link"":true}",[],,,false,[],false,,,,2026-06-01 14:18:42,2026-06-01 18:18:42,false,false,,,
2026-09-30T15:38:46Z,rooneyspalmbay.com,https://rooneyspalmbay.com/wp-json/tribe/events/v1/events,1,3077,rooneyspalmbay.com?id=3077,Murphy&#8217;s Law,2026-11-21 18:00:00,2026-11-21 23:00:00,2026-11-21 18:00:00,2026-11-21 23:00:00,America/New_York,false,false,publish,https://rooneyspalmbay.com/event/murphys-law/,,,,"{""currency_symbol"":"""",""currency_code"":"""",""currency_position"":""prefix"",""values"":[]}","[{""id"":375,""name"":""Inside Bar"",""slug"":""inside-bar"",""parent"":0},{""id"":373,""name"":""Live Music"",""slug"":""live-music"",""parent"":0},{""id"":372,""name"":""Saturday Event"",""slug"":""saturday-event"",""parent"":0}]",[],"{""id"":2996,""global_id"":""rooneyspalmbay.com?id=2996"",""venue"":""Rooney&#8217;s"",""address"":""2641 Palm Bay Rd NE"",""city"":""Palm Bay"",""country"":""United States"",""province"":""FL"",""state"":""FL"",""zip"":""32905"",""url"":""https://rooneyspalmbay.com/venue/rooneys-inside/"",""show_map"":true,""show_map_link"":true}",[],,,false,[],false,,,,2026-06-01 14:20:58,2026-06-01 18:20:58,false,false,,,
2026-09-30T15:38:46Z,rooneyspalmbay.com,https://rooneyspalmbay.com/wp-json/tribe/events/v1/events,1,3043,rooneyspalmbay.com?id=3043,Joe Calautti,2026-11-28 18:00:00,2026-11-28 23:00:00,2026-11-28 18:00:00,2026-11-28 23:00:00,America/New_York,false,false,publish,https://rooneyspalmbay.com/event/joe-calautti-3/,,,,"{""currency_symbol"":"""",""currency_code"":"""",""currency_position"":""prefix"",""values"":[]}","[{""id"":373,""name"":""Live Music"",""slug"":""live-music"",""parent"":0},{""id"":374,""name"":""Outside Bar"",""slug"":""outside-bar"",""parent"":0},{""id"":372,""name"":""Saturday Event"",""slug"":""saturday-event"",""parent"":0}]",[],"{""id"":2996,""global_id"":""rooneyspalmbay.com?id=2996"",""venue"":""Rooney&#8217;s"",""address"":""2641 Palm Bay Rd NE"",""city"":""Palm Bay"",""country"":""United States"",""province"":""FL"",""state"":""FL"",""zip"":""32905"",""url"":""https://rooneyspalmbay.com/venue/rooneys-inside/"",""show_map"":true,""show_map_link"":true}",[],,,false,[],false,,,,2026-06-01 14:18:42,2026-06-01 18:18:42,false,false,,,
2026-09-30T15:38:46Z,rooneyspalmbay.com,https://rooneyspalmbay.com/wp-json/tribe/events/v1/events,1,3044,rooneyspalmbay.com?id=3044,Denise Turner,2026-12-05 18:00:00,2026-12-05 23:00:00,2026-12-05 18:00:00,2026-12-05 23:00:00,America/New_York,false,false,publish,https://rooneyspalmbay.com/event/denise-turner-3/,,,,"{""currency_symbol"":"""",""currency_code"":"""",""currency_position"":""prefix"",""values"":[]}","[{""id"":373,""name"":""Live Music"",""slug"":""live-music"",""parent"":0},{""id"":374,""name"":""Outside Bar"",""slug"":""outside-bar"",""parent"":0},{""id"":372,""name"":""Saturday Event"",""slug"":""saturday-event"",""parent"":0}]",[],"{""id"":2996,""global_id"":""rooneyspalmbay.com?id=2996"",""venue"":""Rooney&#8217;s"",""address"":""2641 Palm Bay Rd NE"",""city"":""Palm Bay"",""country"":""United States"",""province"":""FL"",""state"":""FL"",""zip"":""32905"",""url"":""https://rooneyspalmbay.com/venue/rooneys-inside/"",""show_map"":true,""show_map_link"":true}",[],,,false,[],false,,,,2026-06-01 14:18:43,2026-06-01 18:18:43,false,false,,,
2026-09-30T15:38:46Z,rooneyspalmbay.com,https://rooneyspalmbay.com/wp-json/tribe/events/v1/events,1,3078,rooneyspalmbay.com?id=3078,TMI,2026-12-05 18:00:00,2026-12-05 23:00:00,2026-12-05 18:00:00,2026-12-05 23:00:00,America/New_York,false,false,publish,https://rooneyspalmbay.com/event/tmi-2/,,,,"{""currency_symbol"":"""",""currency_code"":"""",""currency_position"":""prefix"",""values"":[]}","[{""id"":375,""name"":""Inside Bar"",""slug"":""inside-bar"",""parent"":0},{""id"":373,""name"":""Live Music"",""slug"":""live-music"",""parent"":0},{""id"":372,""name"":""Saturday Event"",""slug"":""saturday-event"",""parent"":0}]",[],"{""id"":2996,""global_id"":""rooneyspalmbay.com?id=2996"",""venue"":""Rooney&#8217;s"",""address"":""2641 Palm Bay Rd NE"",""city"":""Palm Bay"",""country"":""United States"",""province"":""FL"",""state"":""FL"",""zip"":""32905"",""url"":""https://rooneyspalmbay.com/venue/rooneys-inside/"",""show_map"":true,""show_map_link"":true}",[],,,false,[],false,,,,2026-06-01 14:20:58,2026-06-01 18:20:58,false,false,,,
2026-09-30T15:38:46Z,rooneyspalmbay.com,https://rooneyspalmbay.com/wp-json/tribe/events/v1/events,1,3045,rooneyspalmbay.com?id=3045,Anja Conklin,2026-12-12 18:00:00,2026-12-12 23:00:00,2026-12-12 18:00:00,2026-12-12 23:00:00,America/New_York,false,false,publish,https://rooneyspalmbay.com/event/anja-conklin-2/,,,,"{""currency_symbol"":"""",""currency_code"":"""",""currency_position"":""prefix"",""values"":[]}","[{""id"":373,""name"":""Live Music"",""slug"":""live-music"",""parent"":0},{""id"":374,""name"":""Outside Bar"",""slug"":""outside-bar"",""parent"":0},{""id"":372,""name"":""Saturday Event"",""slug"":""saturday-event"",""parent"":0}]",[],"{""id"":2996,""global_id"":""rooneyspalmbay.com?id=2996"",""venue"":""Rooney&#8217;s"",""address"":""2641 Palm Bay Rd NE"",""city"":""Palm Bay"",""country"":""United States"",""province"":""FL"",""state"":""FL"",""zip"":""32905"",""url"":""https://rooneyspalmbay.com/venue/rooneys-inside/"",""show_map"":true,""show_map_link"":true}",[],,,false,[],false,,,,2026-06-01 14:18:43,2026-06-01 18:18:43,false,false,,,
2026-09-30T15:38:46Z,rooneyspalmbay.com,https://rooneyspalmbay.com/wp-json/tribe/events/v1/events,1,3046,rooneyspalmbay.com?id=3046,Galaxy Duo,2026-12-19 18:00:00,2026-12-19 23:00:00,2026-12-19 18:00:00,2026-12-19 23:00:00,America/New_York,false,false,publish,https://rooneyspalmbay.com/event/galaxy-duo-2/,,,,"{""currency_symbol"":"""",""currency_code"":"""",""currency_position"":""prefix"",""values"":[]}","[{""id"":373,""name"":""Live Music"",""slug"":""live-music"",""parent"":0},{""id"":374,""name"":""Outside Bar"",""slug"":""outside-bar"",""parent"":0},{""id"":372,""name"":""Saturday Event"",""slug"":""saturday-event"",""parent"":0}]",[],"{""id"":2996,""global_id"":""rooneyspalmbay.com?id=2996"",""venue"":""Rooney&#8217;s"",""address"":""2641 Palm Bay Rd NE"",""city"":""Palm Bay"",""country"":""United States"",""province"":""FL"",""state"":""FL"",""zip"":""32905"",""url"":""https://rooneyspalmbay.com/venue/rooneys-inside/"",""show_map"":true,""show_map_link"":true}",[],,,false,[],false,,,,2026-06-01 14:18:43,2026-06-01 18:18:43,false,false,,,
2026-09-30T15:38:46Z,rooneyspalmbay.com,https://rooneyspalmbay.com/wp-json/tribe/events/v1/events,1,3047,rooneyspalmbay.com?id=3047,Joe Calautti,2026-12-26 18:00:00,2026-12-26 23:00:00,2026-12-26 18:00:00,2026-12-26 23:00:00,America/New_York,false,false,publish,https://rooneyspalmbay.com/event/joe-calautti-4/,,,,"{""currency_symbol"":"""",""currency_code"":"""",""currency_position"":""prefix"",""values"":[]}","[{""id"":373,""name"":""Live Music"",""slug"":""live-music"",""parent"":0},{""id"":374,""name"":""Outside Bar"",""slug"":""outside-bar"",""parent"":0},{""id"":372,""name"":""Saturday Event"",""slug"":""saturday-event"",""parent"":0}]",[],"{""id"":2996,""global_id"":""rooneyspalmbay.com?id=2996"",""venue"":""Rooney&#8217;s"",""address"":""2641 Palm Bay Rd NE"",""city"":""Palm Bay"",""country"":""United States"",""province"":""FL"",""state"":""FL"",""zip"":""32905"",""url"":""https://rooneyspalmbay.com/venue/rooneys-inside/"",""show_map"":true,""show_map_link"":true}",[],,,false,[],false,,,,2026-06-01 14:18:43,2026-06-01 18:18:43,false,false,,,
2026-09-30T15:38:46Z,rooneyspalmbay.com,https://rooneyspalmbay.com/wp-json/tribe/events/v1/events,1,3223,rooneyspalmbay.com?id=3223,Absolute Blue,2027-01-01 18:00:00,2027-01-01 23:00:00,2027-01-01 18:00:00,2027-01-01 23:00:00,America/New_York,false,false,publish,https://rooneyspalmbay.com/event/absolute-blue-january/,,,,"{""currency_symbol"":"""",""currency_code"":"""",""currency_position"":""prefix"",""values"":[]}","[{""id"":371,""name"":""Friday Event"",""slug"":""friday-event"",""parent"":0},{""id"":373,""name"":""Live Music"",""slug"":""live-music"",""parent"":0},{""id"":374,""name"":""Outside Bar"",""slug"":""outside-bar"",""parent"":0}]",[],"{""id"":2996,""global_id"":""rooneyspalmbay.com?id=2996"",""venue"":""Rooney&#8217;s"",""address"":""2641 Palm Bay Rd NE"",""city"":""Palm Bay"",""country"":""United States"",""province"":""FL"",""state"":""FL"",""zip"":""32905"",""url"":""https://rooneyspalmbay.com/venue/rooneys-inside/"",""show_map"":true,""show_map_link"":true}","[{""id"":2948,""global_id"":""rooneyspalmbay.com?id=2948"",""organizer"":""Rooney&#8217;s Restaurant"",""url"":""https://rooneyspalmbay.com/organizer/rooneys-restaurant/"",""website"":""https://rooneyspalmbay.com/"",""phone"":""321-724-8520"",""email"":""RooneysInc81@gmail.com""}]",,,false,[],false,,,,2026-06-02 17:00:37,2026-06-02 21:00:37,true,true,,,
2026-09-30T15:38:46Z,rooneyspalmbay.com,https://rooneyspalmbay.com/wp-json/tribe/events/v1/events,1,3233,rooneyspalmbay.com?id=3233,Triple Shot,2027-01-08 18:00:00,2027-01-08 23:00:00,2027-01-08 18:00:00,2027-01-08 23:00:00,America/New_York,false,false,publish,https://rooneyspalmbay.com/event/triple-shot-2/,,,,"{""currency_symbol"":"""",""currency_code"":"""",""currency_position"":""prefix"",""values"":[]}","[{""id"":371,""name"":""Friday Event"",""slug"":""friday-event"",""parent"":0}]",[],"{""id"":2996,""global_id"":""rooneyspalmbay.com?id=2996"",""venue"":""Rooney&#8217;s"",""address"":""2641 Palm Bay Rd NE"",""city"":""Palm Bay"",""country"":""United States"",""province"":""FL"",""state"":""FL"",""zip"":""32905"",""url"":""https://rooneyspalmbay.com/venue/rooneys-inside/"",""show_map"":true,""show_map_link"":true}",[],,,false,[],false,,,,2026-06-02 16:59:00,2026-06-02 20:59:00,false,false,,,
2026-09-30T15:38:46Z,rooneyspalmbay.com,https://rooneyspalmbay.com/wp-json/tribe/events/v1/events,1,3234,rooneyspalmbay.com?id=3234,Eclectic Mess,2027-01-15 18:00:00,2027-01-15 23:00:00,2027-01-15 18:00:00,2027-01-15 23:00:00,America/New_York,false,false,publish,https://rooneyspalmbay.com/event/eclectic-mess/,,,,"{""currency_symbol"":"""",""currency_code"":"""",""currency_position"":""prefix"",""values"":[]}","[{""id"":371,""name"":""Friday Event"",""slug"":""friday-event"",""parent"":0}]",[],"{""id"":2996,""global_id"":""rooneyspalmbay.com?id=2996"",""venue"":""Rooney&#8217;s"",""address"":""2641 Palm Bay Rd NE"",""city"":""Palm Bay"",""country"":""United States"",""province"":""FL"",""state"":""FL"",""zip"":""32905"",""url"":""https://rooneyspalmbay.com/venue/rooneys-inside/"",""show_map"":true,""show_map_link"":true}",[],,,false,[],false,,,,2026-06-02 16:59:01,2026-06-02 20:59:01,false,false,,,
2026-09-30T15:38:46Z,rooneyspalmbay.com,https://rooneyspalmbay.com/wp-json/tribe/events/v1/events,1,3235,rooneyspalmbay.com?id=3235,Not Just Candi,2027-01-22 18:00:00,2027-01-22 23:00:00,2027-01-22 18:00:00,2027-01-22 23:00:00,America/New_York,false,false,publish,https://rooneyspalmbay.com/event/not-just-candi-2/,,,,"{""currency_symbol"":"""",""currency_code"":"""",""currency_position"":""prefix"",""values"":[]}","[{""id"":371,""name"":""Friday Event"",""slug"":""friday-event"",""parent"":0}]",[],"{""id"":2996,""global_id"":""rooneyspalmbay.com?id=2996"",""venue"":""Rooney&#8217;s"",""address"":""2641 Palm Bay Rd NE"",""city"":""Palm Bay"",""country"":""United States"",""province"":""FL"",""state"":""FL"",""zip"":""32905"",""url"":""https://rooneyspalmbay.com/venue/rooneys-inside/"",""show_map"":true,""show_map_link"":true}",[],,,false,[],false,,,,2026-06-02 16:59:02,2026-06-02 20:59:02,false,false,,,
2026-09-30T15:38:46Z,rooneyspalmbay.com,https://rooneyspalmbay.com/wp-json/tribe/events/v1/events,1,3236,rooneyspalmbay.com?id=3236,Joe Calautti,2027-01-23 18:00:00,2027-01-23 23:00:00,2027-01-23 18:00:00,2027-01-23 23:00:00,America/New_York,false,false,publish,https://rooneyspalmbay.com/event/joe-calautti-5/,,,,"{""currency_symbol"":"""",""currency_code"":"""",""currency_position"":""prefix"",""values"":[]}","[{""id"":372,""name"":""Saturday Event"",""slug"":""saturday-event"",""parent"":0}]",[],"{""id"":2996,""global_id"":""rooneyspalmbay.com?id=2996"",""venue"":""Rooney&#8217;s"",""address"":""2641 Palm Bay Rd NE"",""city"":""Palm Bay"",""country"":""United States"",""province"":""FL"",""state"":""FL"",""zip"":""32905"",""url"":""https://rooneyspalmbay.com/venue/rooneys-inside/"",""show_map"":true,""show_map_link"":true}",[],,,false,[],false,,,,2026-06-02 16:59:02,2026-06-02 20:59:02,false,false,,,
2026-09-30T15:38:46Z,rooneyspalmbay.com,https://rooneyspalmbay.com/wp-json/tribe/events/v1/events,1,3237,rooneyspalmbay.com?id=3237,Heat Stroke,2027-01-29 18:00:00,2027-01-29 23:00:00,2027-01-29 18:00:00,2027-01-29 23:00:00,America/New_York,false,false,publish,https://rooneyspalmbay.com/event/heat-stroke/,,,,"{""currency_symbol"":"""",""currency_code"":"""",""currency_position"":""prefix"",""values"":[]}","[{""id"":371,""name"":""Friday Event"",""slug"":""friday-event"",""parent"":0}]",[],"{""id"":2996,""global_id"":""rooneyspalmbay.com?id=2996"",""venue"":""Rooney&#8217;s"",""address"":""2641 Palm Bay Rd NE"",""city"":""Palm Bay"",""country"":""United States"",""province"":""FL"",""state"":""FL"",""zip"":""32905"",""url"":""https://rooneyspalmbay.com/venue/rooneys-inside/"",""show_map"":true,""show_map_link"":true}",[],,,false,[],false,,,,2026-06-02 16:59:06,2026-06-02 20:59:06,false,false,,,
2026-09-30T15:38:46Z,rooneyspalmbay.com,https://rooneyspalmbay.com/wp-json/tribe/events/v1/events,1,3238,rooneyspalmbay.com?id=3238,Phoenix,2027-02-05 18:00:00,2027-02-05 23:00:00,2027-02-05 18:00:00,2027-02-05 23:00:00,America/New_York,false,false,publish,https://rooneyspalmbay.com/event/phoenix-6/,,,,"{""currency_symbol"":"""",""currency_code"":"""",""currency_position"":""prefix"",""values"":[]}","[{""id"":371,""name"":""Friday Event"",""slug"":""friday-event"",""parent"":0}]",[],"{""id"":2996,""global_id"":""rooneyspalmbay.com?id=2996"",""venue"":""Rooney&#8217;s"",""address"":""2641 Palm Bay Rd NE"",""city"":""Palm Bay"",""country"":""United States"",""province"":""FL"",""state"":""FL"",""zip"":""32905"",""url"":""https://rooneyspalmbay.com/venue/rooneys-inside/"",""show_map"":true,""show_map_link"":true}",[],,,false,[],false,,,,2026-06-02 16:59:06,2026-06-02 20:59:06,false,false,,,
2026-09-30T15:38:46Z,rooneyspalmbay.com,https://rooneyspalmbay.com/wp-json/tribe/events/v1/events,1,3239,rooneyspalmbay.com?id=3239,Last Call Band,2027-02-12 18:00:00,2027-02-12 23:00:00,2027-02-12 18:00:00,2027-02-12 23:00:00,America/New_York,false,false,publish,https://rooneyspalmbay.com/event/last-call-band-4/,,,,"{""currency_symbol"":"""",""currency_code"":"""",""currency_position"":""prefix"",""values"":[]}","[{""id"":371,""name"":""Friday Event"",""slug"":""friday-event"",""parent"":0}]",[],"{""id"":2996,""global_id"":""rooneyspalmbay.com?id=2996"",""venue"":""Rooney&#8217;s"",""address"":""2641 Palm Bay Rd NE"",""city"":""Palm Bay"",""country"":""United States"",""province"":""FL"",""state"":""FL"",""zip"":""32905"",""url"":""https://rooneyspalmbay.com/venue/rooneys-inside/"",""show_map"":true,""show_map_link"":true}",[],,,false,[],false,,,,2026-06-02 16:59:07,2026-06-02 20:59:07,false,false,,,
2026-09-30T15:38:46Z,rooneyspalmbay.com,https://rooneyspalmbay.com/wp-json/tribe/events/v1/events,1,3240,rooneyspalmbay.com?id=3240,Absolute Blue,2027-02-26 18:00:00,2027-02-26 23:00:00,2027-02-26 18:00:00,2027-02-26 23:00:00,America/New_York,false,false,publish,https://rooneyspalmbay.com/event/absolute-blue/,,,,"{""currency_symbol"":"""",""currency_code"":"""",""currency_position"":""prefix"",""values"":[]}","[{""id"":371,""name"":""Friday Event"",""slug"":""friday-event"",""parent"":0}]",[],"{""id"":2996,""global_id"":""rooneyspalmbay.com?id=2996"",""venue"":""Rooney&#8217;s"",""address"":""2641 Palm Bay Rd NE"",""city"":""Palm Bay"",""country"":""United States"",""province"":""FL"",""state"":""FL"",""zip"":""32905"",""url"":""https://rooneyspalmbay.com/venue/rooneys-inside/"",""show_map"":true,""show_map_link"":true}",[],,,false,[],false,,,,2026-06-02 16:59:07,2026-06-02 20:59:07,false,false,,,
2026-09-30T15:38:46Z,rooneyspalmbay.com,https://rooneyspalmbay.com/wp-json/tribe/events/v1/events,1,3241,rooneyspalmbay.com?id=3241,Phoenix,2027-03-05 18:00:00,2027-03-05 23:00:00,2027-03-05 18:00:00,2027-03-05 23:00:00,America/New_York,false,false,publish,https://rooneyspalmbay.com/event/phoenix-7/,,,,"{""currency_symbol"":"""",""currency_code"":"""",""currency_position"":""prefix"",""values"":[]}","[{""id"":371,""name"":""Friday Event"",""slug"":""friday-event"",""parent"":0}]",[],"{""id"":2996,""global_id"":""rooneyspalmbay.com?id=2996"",""venue"":""Rooney&#8217;s"",""address"":""2641 Palm Bay Rd NE"",""city"":""Palm Bay"",""country"":""United States"",""province"":""FL"",""state"":""FL"",""zip"":""32905"",""url"":""https://rooneyspalmbay.com/venue/rooneys-inside/"",""show_map"":true,""show_map_link"":true}",[],,,false,[],false,,,,2026-06-02 16:59:08,2026-06-02 20:59:08,false,false,,,
2026-09-30T15:38:46Z,rooneyspalmbay.com,https://rooneyspalmbay.com/wp-json/tribe/events/v1/events,1,3242,rooneyspalmbay.com?id=3242,Triple Shot Unplugged,2027-03-06 18:00:00,2027-03-06 23:00:00,2027-03-06 18:00:00,2027-03-06 23:00:00,America/New_York,false,false,publish,https://rooneyspalmbay.com/event/triple-shot-unplugged/,,,,"{""currency_symbol"":"""",""currency_code"":"""",""currency_position"":""prefix"",""values"":[]}","[{""id"":372,""name"":""Saturday Event"",""slug"":""saturday-event"",""parent"":0}]",[],"{""id"":2996,""global_id"":""rooneyspalmbay.com?id=2996"",""venue"":""Rooney&#8217;s"",""address"":""2641 Palm Bay Rd NE"",""city"":""Palm Bay"",""country"":""United States"",""province"":""FL"",""state"":""FL"",""zip"":""32905"",""url"":""https://rooneyspalmbay.com/venue/rooneys-inside/"",""show_map"":true,""show_map_link"":true}",[],,,false,[],false,,,,2026-06-02 16:59:21,2026-06-02 20:59:21,false,false,,,
2026-09-30T15:38:46Z,rooneyspalmbay.com,https://rooneyspalmbay.com/wp-json/tribe/events/v1/events,1,3243,rooneyspalmbay.com?id=3243,Last Call Band,2027-03-12 18:00:00,2027-03-12 23:00:00,2027-03-12 18:00:00,2027-03-12 23:00:00,America/New_York,false,false,publish,https://rooneyspalmbay.com/event/last-call-band-5/,,,,"{""currency_symbol"":"""",""currency_code"":"""",""currency_position"":""prefix"",""values"":[]}","[{""id"":371,""name"":""Friday Event"",""slug"":""friday-event"",""parent"":0}]",[],"{""id"":2996,""global_id"":""rooneyspalmbay.com?id=2996"",""venue"":""Rooney&#8217;s"",""address"":""2641 Palm Bay Rd NE"",""city"":""Palm Bay"",""country"":""United States"",""province"":""FL"",""state"":""FL"",""zip"":""32905"",""url"":""https://rooneyspalmbay.com/venue/rooneys-inside/"",""show_map"":true,""show_map_link"":true}",[],,,false,[],false,,,,2026-06-02 16:59:22,2026-06-02 20:59:22,false,false,,,
2026-09-30T15:38:46Z,rooneyspalmbay.com,https://rooneyspalmbay.com/wp-json/tribe/events/v1/events,1,3244,rooneyspalmbay.com?id=3244,Heat Stroke,2027-03-19 18:00:00,2027-03-19 22:00:00,2027-03-19 18:00:00,2027-03-19 22:00:00,America/New_York,false,false,publish,https://rooneyspalmbay.com/event/heat-stroke-2/,,,,"{""currency_symbol"":"""",""currency_code"":"""",""currency_position"":""prefix"",""values"":[]}","[{""id"":371,""name"":""Friday Event"",""slug"":""friday-event"",""parent"":0}]",[],"{""id"":2996,""global_id"":""rooneyspalmbay.com?id=2996"",""venue"":""Rooney&#8217;s"",""address"":""2641 Palm Bay Rd NE"",""city"":""Palm Bay"",""country"":""United States"",""province"":""FL"",""state"":""FL"",""zip"":""32905"",""url"":""https://rooneyspalmbay.com/venue/rooneys-inside/"",""show_map"":true,""show_map_link"":true}",[],,,false,[],false,,,,2026-06-02 16:59:22,2026-06-02 20:59:22,false,false,,,
2026-09-30T15:38:46Z,rooneyspalmbay.com,https://rooneyspalmbay.com/wp-json/tribe/events/v1/events,1,3245,rooneyspalmbay.com?id=3245,Kore,2027-03-26 18:00:00,2027-03-26 22:00:00,2027-03-26 18:00:00,2027-03-26 22:00:00,America/New_York,false,false,publish,https://rooneyspalmbay.com/event/kore-4/,,,,"{""currency_symbol"":"""",""currency_code"":"""",""currency_position"":""prefix"",""values"":[]}","[{""id"":371,""name"":""Friday Event"",""slug"":""friday-event"",""parent"":0}]",[],"{""id"":2996,""global_id"":""rooneyspalmbay.com?id=2996"",""venue"":""Rooney&#8217;s"",""address"":""2641 Palm Bay Rd NE"",""city"":""Palm Bay"",""country"":""United States"",""province"":""FL"",""state"":""FL"",""zip"":""32905"",""url"":""https://rooneyspalmbay.com/venue/rooneys-inside/"",""show_map"":true,""show_map_link"":true}",[],,,false,[],false,,,,2026-06-02 16:59:23,2026-06-02 20:59:23,false,false,,,
2026-09-30T15:38:46Z,rooneyspalmbay.com,https://rooneyspalmbay.com/wp-json/tribe/events/v1/events,1,3246,rooneyspalmbay.com?id=3246,Phoenix,2027-04-02 18:00:00,2027-04-02 22:00:00,2027-04-02 18:00:00,2027-04-02 22:00:00,America/New_York,false,false,publish,https://rooneyspalmbay.com/event/phoenix-8/,,,,"{""currency_symbol"":"""",""currency_code"":"""",""currency_position"":""prefix"",""values"":[]}","[{""id"":371,""name"":""Friday Event"",""slug"":""friday-event"",""parent"":0}]",[],"{""id"":2996,""global_id"":""rooneyspalmbay.com?id=2996"",""venue"":""Rooney&#8217;s"",""address"":""2641 Palm Bay Rd NE"",""city"":""Palm Bay"",""country"":""United States"",""province"":""FL"",""state"":""FL"",""zip"":""32905"",""url"":""https://rooneyspalmbay.com/venue/rooneys-inside/"",""show_map"":true,""show_map_link"":true}",[],,,false,[],false,,,,2026-06-02 16:59:23,2026-06-02 20:59:23,false,false,,,
2026-09-30T15:38:46Z,rooneyspalmbay.com,https://rooneyspalmbay.com/wp-json/tribe/events/v1/events,1,3247,rooneyspalmbay.com?id=3247,Last Call Band,2027-04-09 18:00:00,2027-04-09 22:00:00,2027-04-09 18:00:00,2027-04-09 22:00:00,America/New_York,false,false,publish,https://rooneyspalmbay.com/event/last-call-band-6/,,,,"{""currency_symbol"":"""",""currency_code"":"""",""currency_position"":""prefix"",""values"":[]}","[{""id"":371,""name"":""Friday Event"",""slug"":""friday-event"",""parent"":0}]",[],"{""id"":2996,""global_id"":""rooneyspalmbay.com?id=2996"",""venue"":""Rooney&#8217;s"",""address"":""2641 Palm Bay Rd NE"",""city"":""Palm Bay"",""country"":""United States"",""province"":""FL"",""state"":""FL"",""zip"":""32905"",""url"":""https://rooneyspalmbay.com/venue/rooneys-inside/"",""show_map"":true,""show_map_link"":true}",[],,,false,[],false,,,,2026-06-02 16:59:46,2026-06-02 20:59:46,false,false,,,
2026-09-30T15:38:46Z,rooneyspalmbay.com,https://rooneyspalmbay.com/wp-json/tribe/events/v1/events,1,3248,rooneyspalmbay.com?id=3248,Not Just Candi,2027-04-16 18:00:00,2027-04-16 22:00:00,2027-04-16 18:00:00,2027-04-16 22:00:00,America/New_York,false,false,publish,https://rooneyspalmbay.com/event/not-just-candi-3/,,,,"{""currency_symbol"":"""",""currency_code"":"""",""currency_position"":""prefix"",""values"":[]}","[{""id"":371,""name"":""Friday Event"",""slug"":""friday-event"",""parent"":0}]",[],"{""id"":2996,""global_id"":""rooneyspalmbay.com?id=2996"",""venue"":""Rooney&#8217;s"",""address"":""2641 Palm Bay Rd NE"",""city"":""Palm Bay"",""country"":""United States"",""province"":""FL"",""state"":""FL"",""zip"":""32905"",""url"":""https://rooneyspalmbay.com/venue/rooneys-inside/"",""show_map"":true,""show_map_link"":true}",[],,,false,[],false,,,,2026-06-02 16:59:46,2026-06-02 20:59:46,false,false,,,
2026-09-30T15:38:46Z,rooneyspalmbay.com,https://rooneyspalmbay.com/wp-json/tribe/events/v1/events,1,3249,rooneyspalmbay.com?id=3249,Absolute Blue,2027-04-23 18:00:00,2027-04-23 22:00:00,2027-04-23 18:00:00,2027-04-23 22:00:00,America/New_York,false,false,publish,https://rooneyspalmbay.com/event/absolute-blue-2/,,,,"{""currency_symbol"":"""",""currency_code"":"""",""currency_position"":""prefix"",""values"":[]}","[{""id"":371,""name"":""Friday Event"",""slug"":""friday-event"",""parent"":0}]",[],"{""id"":2996,""global_id"":""rooneyspalmbay.com?id=2996"",""venue"":""Rooney&#8217;s"",""address"":""2641 Palm Bay Rd NE"",""city"":""Palm Bay"",""country"":""United States"",""province"":""FL"",""state"":""FL"",""zip"":""32905"",""url"":""https://rooneyspalmbay.com/venue/rooneys-inside/"",""show_map"":true,""show_map_link"":true}",[],,,false,[],false,,,,2026-06-02 16:59:47,2026-06-02 20:59:47,false,false,,,
2026-09-30T15:38:46Z,rooneyspalmbay.com,https://rooneyspalmbay.com/wp-json/tribe/events/v1/events,1,3250,rooneyspalmbay.com?id=3250,Joe Calautti,2027-04-24 18:00:00,2027-04-24 22:00:00,2027-04-24 18:00:00,2027-04-24 22:00:00,America/New_York,false,false,publish,https://rooneyspalmbay.com/event/joe-calautti-6/,,,,"{""currency_symbol"":"""",""currency_code"":"""",""currency_position"":""prefix"",""values"":[]}","[{""id"":372,""name"":""Saturday Event"",""slug"":""saturday-event"",""parent"":0}]",[],"{""id"":2996,""global_id"":""rooneyspalmbay.com?id=2996"",""venue"":""Rooney&#8217;s"",""address"":""2641 Palm Bay Rd NE"",""city"":""Palm Bay"",""country"":""United States"",""province"":""FL"",""state"":""FL"",""zip"":""32905"",""url"":""https://rooneyspalmbay.com/venue/rooneys-inside/"",""show_map"":true,""show_map_link"":true}",[],,,false,[],false,,,,2026-06-02 16:59:47,2026-06-02 20:59:47,false,false,,,
2026-09-30T15:38:46Z,rooneyspalmbay.com,https://rooneyspalmbay.com/wp-json/tribe/events/v1/events,1,3251,rooneyspalmbay.com?id=3251,Triple Shot,2027-04-30 18:00:00,2027-04-30 22:00:00,2027-04-30 18:00:00,2027-04-30 22:00:00,America/New_York,false,false,publish,https://rooneyspalmbay.com/event/triple-shot-3/,,,,"{""currency_symbol"":"""",""currency_code"":"""",""currency_position"":""prefix"",""values"":[]}","[{""id"":371,""name"":""Friday Event"",""slug"":""friday-event"",""parent"":0}]",[],"{""id"":2996,""global_id"":""rooneyspalmbay.com?id=2996"",""venue"":""Rooney&#8217;s"",""address"":""2641 Palm Bay Rd NE"",""city"":""Palm Bay"",""country"":""United States"",""province"":""FL"",""state"":""FL"",""zip"":""32905"",""url"":""https://rooneyspalmbay.com/venue/rooneys-inside/"",""show_map"":true,""show_map_link"":true}",[],,,false,[],false,,,,2026-06-02 16:59:48,2026-06-02 20:59:48,false,false,,,
2026-09-30T15:38:46Z,rooneyspalmbay.com,https://rooneyspalmbay.com/wp-json/tribe/events/v1/events,1,3252,rooneyspalmbay.com?id=3252,Phoenix,2027-05-07 18:00:00,2027-05-07 22:00:00,2027-05-07 18:00:00,2027-05-07 22:00:00,America/New_York,false,false,publish,https://rooneyspalmbay.com/event/phoenix-9/,,,,"{""currency_symbol"":"""",""currency_code"":"""",""currency_position"":""prefix"",""values"":[]}","[{""id"":371,""name"":""Friday Event"",""slug"":""friday-event"",""parent"":0}]",[],"{""id"":2996,""global_id"":""rooneyspalmbay.com?id=2996"",""venue"":""Rooney&#8217;s"",""address"":""2641 Palm Bay Rd NE"",""city"":""Palm Bay"",""country"":""United States"",""province"":""FL"",""state"":""FL"",""zip"":""32905"",""url"":""https://rooneyspalmbay.com/venue/rooneys-inside/"",""show_map"":true,""show_map_link"":true}",[],,,false,[],false,,,,2026-06-02 17:00:01,2026-06-02 21:00:01,false,false,,,
2026-09-30T15:38:46Z,rooneyspalmbay.com,https://rooneyspalmbay.com/wp-json/tribe/events/v1/events,1,3253,rooneyspalmbay.com?id=3253,Last Call Band,2027-05-14 18:00:00,2027-05-14 22:00:00,2027-05-14 18:00:00,2027-05-14 22:00:00,America/New_York,false,false,publish,https://rooneyspalmbay.com/event/last-call-band-7/,,,,"{""currency_symbol"":"""",""currency_code"":"""",""currency_position"":""prefix"",""values"":[]}","[{""id"":371,""name"":""Friday Event"",""slug"":""friday-event"",""parent"":0}]",[],"{""id"":2996,""global_id"":""rooneyspalmbay.com?id=2996"",""venue"":""Rooney&#8217;s"",""address"":""2641 Palm Bay Rd NE"",""city"":""Palm Bay"",""country"":""United States"",""province"":""FL"",""state"":""FL"",""zip"":""32905"",""url"":""https://rooneyspalmbay.com/venue/rooneys-inside/"",""show_map"":true,""show_map_link"":true}",[],,,false,[],false,,,,2026-06-02 17:00:01,2026-06-02 21:00:01,false,false,,,
2026-09-30T15:38:46Z,rooneyspalmbay.com,https://rooneyspalmbay.com/wp-json/tribe/events/v1/events,1,3254,rooneyspalmbay.com?id=3254,Heat Stroke,2027-05-21 18:00:00,2027-05-21 22:00:00,2027-05-21 18:00:00,2027-05-21 22:00:00,America/New_York,false,false,publish,https://rooneyspalmbay.com/event/heat-stroke-3/,,,,"{""currency_symbol"":"""",""currency_code"":"""",""currency_position"":""prefix"",""values"":[]}","[{""id"":371,""name"":""Friday Event"",""slug"":""friday-event"",""parent"":0}]",[],"{""id"":2996,""global_id"":""rooneyspalmbay.com?id=2996"",""venue"":""Rooney&#8217;s"",""address"":""2641 Palm Bay Rd NE"",""city"":""Palm Bay"",""country"":""United States"",""province"":""FL"",""state"":""FL"",""zip"":""32905"",""url"":""https://rooneyspalmbay.com/venue/rooneys-inside/"",""show_map"":true,""show_map_link"":true}",[],,,false,[],false,,,,2026-06-02 17:00:02,2026-06-02 21:00:02,false,false,,,
2026-09-30T15:38:46Z,rooneyspalmbay.com,https://rooneyspalmbay.com/wp-json/tribe/events/v1/events,1,3255,rooneyspalmbay.com?id=3255,Joe Calautti,2027-05-22 18:00:00,2027-05-22 22:00:00,2027-05-22 18:00:00,2027-05-22 22:00:00,America/New_York,false,false,publish,https://rooneyspalmbay.com/event/joe-calautti-7/,,,,"{""currency_symbol"":"""",""currency_code"":"""",""currency_position"":""prefix"",""values"":[]}","[{""id"":372,""name"":""Saturday Event"",""slug"":""saturday-event"",""parent"":0}]",[],"{""id"":2996,""global_id"":""rooneyspalmbay.com?id=2996"",""venue"":""Rooney&#8217;s"",""address"":""2641 Palm Bay Rd NE"",""city"":""Palm Bay"",""country"":""United States"",""province"":""FL"",""state"":""FL"",""zip"":""32905"",""url"":""https://rooneyspalmbay.com/venue/rooneys-inside/"",""show_map"":true,""show_map_link"":true}",[],,,false,[],false,,,,2026-06-02 17:00:03,2026-06-02 21:00:03,false,false,,,
2026-09-30T15:38:46Z,rooneyspalmbay.com,https://rooneyspalmbay.com/wp-json/tribe/events/v1/events,2,3256,rooneyspalmbay.com?id=3256,Absolute Blue,2027-05-28 18:00:00,2027-05-28 22:00:00,2027-05-28 18:00:00,2027-05-28 22:00:00,America/New_York,false,false,publish,https://rooneyspalmbay.com/event/absolute-blue-3/,,,,"{""currency_symbol"":"""",""currency_code"":"""",""currency_position"":""prefix"",""values"":[]}","[{""id"":371,""name"":""Friday Event"",""slug"":""friday-event"",""parent"":0}]",[],"{""id"":2996,""global_id"":""rooneyspalmbay.com?id=2996"",""venue"":""Rooney&#8217;s"",""address"":""2641 Palm Bay Rd NE"",""city"":""Palm Bay"",""country"":""United States"",""province"":""FL"",""state"":""FL"",""zip"":""32905"",""url"":""https://rooneyspalmbay.com/venue/rooneys-inside/"",""show_map"":true,""show_map_link"":true}",[],,,false,[],false,,,,2026-06-02 17:00:04,2026-06-02 21:00:04,false,false,,,
2026-09-30T15:38:46Z,rooneyspalmbay.com,https://rooneyspalmbay.com/wp-json/tribe/events/v1/events,2,3257,rooneyspalmbay.com?id=3257,Phoenix,2027-06-04 18:00:00,2027-06-04 22:00:00,2027-06-04 18:00:00,2027-06-04 22:00:00,America/New_York,false,false,publish,https://rooneyspalmbay.com/event/phoenix-10/,,,,"{""currency_symbol"":"""",""currency_code"":"""",""currency_position"":""prefix"",""values"":[]}","[{""id"":371,""name"":""Friday Event"",""slug"":""friday-event"",""parent"":0}]",[],"{""id"":2996,""global_id"":""rooneyspalmbay.com?id=2996"",""venue"":""Rooney&#8217;s"",""address"":""2641 Palm Bay Rd NE"",""city"":""Palm Bay"",""country"":""United States"",""province"":""FL"",""state"":""FL"",""zip"":""32905"",""url"":""https://rooneyspalmbay.com/venue/rooneys-inside/"",""show_map"":true,""show_map_link"":true}",[],,,false,[],false,,,,2026-06-02 17:00:16,2026-06-02 21:00:16,false,false,,,
2026-09-30T15:38:46Z,rooneyspalmbay.com,https://rooneyspalmbay.com/wp-json/tribe/events/v1/events,2,3258,rooneyspalmbay.com?id=3258,Triple Shot,2027-06-12 18:00:00,2027-06-12 22:00:00,2027-06-12 18:00:00,2027-06-12 22:00:00,America/New_York,false,false,publish,https://rooneyspalmbay.com/event/triple-shot-4/,,,,"{""currency_symbol"":"""",""currency_code"":"""",""currency_position"":""prefix"",""values"":[]}","[{""id"":372,""name"":""Saturday Event"",""slug"":""saturday-event"",""parent"":0}]",[],"{""id"":2996,""global_id"":""rooneyspalmbay.com?id=2996"",""venue"":""Rooney&#8217;s"",""address"":""2641 Palm Bay Rd NE"",""city"":""Palm Bay"",""country"":""United States"",""province"":""FL"",""state"":""FL"",""zip"":""32905"",""url"":""https://rooneyspalmbay.com/venue/rooneys-inside/"",""show_map"":true,""show_map_link"":true}",[],,,false,[],false,,,,2026-06-02 17:00:16,2026-06-02 21:00:16,false,false,,,
2026-09-30T15:38:46Z,rooneyspalmbay.com,https://rooneyspalmbay.com/wp-json/tribe/events/v1/events,2,3259,rooneyspalmbay.com?id=3259,Kore,2027-06-25 18:00:00,2027-06-25 22:00:00,2027-06-25 18:00:00,2027-06-25 22:00:00,America/New_York,false,false,publish,https://rooneyspalmbay.com/event/kore-5/,,,,"{""currency_symbol"":"""",""currency_code"":"""",""currency_position"":""prefix"",""values"":[]}","[{""id"":371,""name"":""Friday Event"",""slug"":""friday-event"",""parent"":0}]",[],"{""id"":2996,""global_id"":""rooneyspalmbay.com?id=2996"",""venue"":""Rooney&#8217;s"",""address"":""2641 Palm Bay Rd NE"",""city"":""Palm Bay"",""country"":""United States"",""province"":""FL"",""state"":""FL"",""zip"":""32905"",""url"":""https://rooneyspalmbay.com/venue/rooneys-inside/"",""show_map"":true,""show_map_link"":true}",[],,,false,[],false,,,,2026-06-02 17:00:17,2026-06-02 21:00:17,false,false,,,
2026-09-30T15:38:46Z,rooneyspalmbay.com,https://rooneyspalmbay.com/wp-json/tribe/events/v1/events,2,3260,rooneyspalmbay.com?id=3260,Phoenix,2027-07-02 18:00:00,2027-07-02 22:00:00,2027-07-02 18:00:00,2027-07-02 22:00:00,America/New_York,false,false,publish,https://rooneyspalmbay.com/event/phoenix-11/,,,,"{""currency_symbol"":"""",""currency_code"":"""",""currency_position"":""prefix"",""values"":[]}","[{""id"":371,""name"":""Friday Event"",""slug"":""friday-event"",""parent"":0}]",[],"{""id"":2996,""global_id"":""rooneyspalmbay.com?id=2996"",""venue"":""Rooney&#8217;s"",""address"":""2641 Palm Bay Rd NE"",""city"":""Palm Bay"",""country"":""United States"",""province"":""FL"",""state"":""FL"",""zip"":""32905"",""url"":""https://rooneyspalmbay.com/venue/rooneys-inside/"",""show_map"":true,""show_map_link"":true}",[],,,false,[],false,,,,2026-06-02 17:00:17,2026-06-02 21:00:17,false,false,,,
2026-09-30T15:38:46Z,rooneyspalmbay.com,https://rooneyspalmbay.com/wp-json/tribe/events/v1/events,2,3261,rooneyspalmbay.com?id=3261,Not Just Candi,2027-07-09 18:00:00,2027-07-09 22:00:00,2027-07-09 18:00:00,2027-07-09 22:00:00,America/New_York,false,false,publish,https://rooneyspalmbay.com/event/not-just-candi-4/,,,,"{""currency_symbol"":"""",""currency_code"":"""",""currency_position"":""prefix"",""values"":[]}","[{""id"":371,""name"":""Friday Event"",""slug"":""friday-event"",""parent"":0}]",[],"{""id"":2996,""global_id"":""rooneyspalmbay.com?id=2996"",""venue"":""Rooney&#8217;s"",""address"":""2641 Palm Bay Rd NE"",""city"":""Palm Bay"",""country"":""United States"",""province"":""FL"",""state"":""FL"",""zip"":""32905"",""url"":""https://rooneyspalmbay.com/venue/rooneys-inside/"",""show_map"":true,""show_map_link"":true}",[],,,false,[],false,,,,2026-06-02 17:00:18,2026-06-02 21:00:18,false,false,,,
2026-09-30T15:38:46Z,rooneyspalmbay.com,https://rooneyspalmbay.com/wp-json/tribe/events/v1/events,2,3262,rooneyspalmbay.com?id=3262,Last Call Band,2027-07-16 18:00:00,2027-07-16 22:00:00,2027-07-16 18:00:00,2027-07-16 22:00:00,America/New_York,false,false,publish,https://rooneyspalmbay.com/event/last-call-band-8/,,,,"{""currency_symbol"":"""",""currency_code"":"""",""currency_position"":""prefix"",""values"":[]}","[{""id"":371,""name"":""Friday Event"",""slug"":""friday-event"",""parent"":0}]",[],"{""id"":2996,""global_id"":""rooneyspalmbay.com?id=2996"",""venue"":""Rooney&#8217;s"",""address"":""2641 Palm Bay Rd NE"",""city"":""Palm Bay"",""country"":""United States"",""province"":""FL"",""state"":""FL"",""zip"":""32905"",""url"":""https://rooneyspalmbay.com/venue/rooneys-inside/"",""show_map"":true,""show_map_link"":true}",[],,,false,[],false,,,,2026-06-02 17:00:31,2026-06-02 21:00:31,false,false,,,
2026-09-30T15:38:46Z,rooneyspalmbay.com,https://rooneyspalmbay.com/wp-json/tribe/events/v1/events,2,3263,rooneyspalmbay.com?id=3263,Absolute Blue,2027-07-23 18:00:00,2027-07-23 22:00:00,2027-07-23 18:00:00,2027-07-23 22:00:00,America/New_York,false,false,publish,https://rooneyspalmbay.com/event/absolute-blue-4/,,,,"{""currency_symbol"":"""",""currency_code"":"""",""currency_position"":""prefix"",""values"":[]}","[{""id"":371,""name"":""Friday Event"",""slug"":""friday-event"",""parent"":0}]",[],"{""id"":2996,""global_id"":""rooneyspalmbay.com?id=2996"",""venue"":""Rooney&#8217;s"",""address"":""2641 Palm Bay Rd NE"",""city"":""Palm Bay"",""country"":""United States"",""province"":""FL"",""state"":""FL"",""zip"":""32905"",""url"":""https://rooneyspalmbay.com/venue/rooneys-inside/"",""show_map"":true,""show_map_link"":true}",[],,,false,[],false,,,,2026-06-02 17:00:31,2026-06-02 21:00:31,false,false,,,
2026-09-30T15:38:46Z,rooneyspalmbay.com,https://rooneyspalmbay.com/wp-json/tribe/events/v1/events,2,3264,rooneyspalmbay.com?id=3264,Joe Calautti,2027-07-24 18:00:00,2027-07-24 22:00:00,2027-07-24 18:00:00,2027-07-24 22:00:00,America/New_York,false,false,publish,https://rooneyspalmbay.com/event/joe-calautti-8/,,,,"{""currency_symbol"":"""",""currency_code"":"""",""currency_position"":""prefix"",""values"":[]}","[{""id"":372,""name"":""Saturday Event"",""slug"":""saturday-event"",""parent"":0}]",[],"{""id"":2996,""global_id"":""rooneyspalmbay.com?id=2996"",""venue"":""Rooney&#8217;s"",""address"":""2641 Palm Bay Rd NE"",""city"":""Palm Bay"",""country"":""United States"",""province"":""FL"",""state"":""FL"",""zip"":""32905"",""url"":""https://rooneyspalmbay.com/venue/rooneys-inside/"",""show_map"":true,""show_map_link"":true}",[],,,false,[],false,,,,2026-06-02 17:00:32,2026-06-02 21:00:32,false,false,,,
