schema_org_run_started_utc,schema_org_seed_host,schema_org_seed_city_id,schema_org_seed_categories,schema_org_source_url,schema_org_event_type,schema_org_city_mapping,schema_org_city_mapping_distance_miles,event_name,event_start_date,event_end_date,event_url,event_status,event_attendance_mode,event_description,event_location_json,event_offers_json,event_organizer_json,event_performer_json,event_image_json,event_keywords,event_json
2026-10-01T16:03:02Z,artistsofrubbercity.org,100116,art gallery,https://artistsofrubbercity.org/events/2019/9/13/art-prize-in-the-box-opening-reception,Event,mapped_seed_site,,Art Prize in the BOX opening Reception — Artists of Rubber City,2019-09-13T17:00:00-0400,2019-09-13T21:00:00-0400,https://artistsofrubbercity.org/events/2019/9/13/art-prize-in-the-box-opening-reception,,,,"{""name"":""the Box Gallery"",""address"":""140 East Market Street\nAkron, OH, 44308\nUnited States"",""@context"":""http://schema.org"",""@type"":""Place""}",,,,"[""http://static1.squarespace.com/static/5b6a27db1137a6a60f852c4c/5d6b1db5e4f17a00018dc1fb/5d6b208cb91b0c0001d0f48f/1567445691183/?format=1500w""]",,"{""name"":""Art Prize in the BOX opening Reception — Artists of Rubber City"",""startDate"":""2019-09-13T17:00:00-0400"",""endDate"":""2019-09-13T21:00:00-0400"",""image"":[""http://static1.squarespace.com/static/5b6a27db1137a6a60f852c4c/5d6b1db5e4f17a00018dc1fb/5d6b208cb91b0c0001d0f48f/1567445691183/?format=1500w""],""location"":{""name"":""the Box Gallery"",""address"":""140 East Market Street\nAkron, OH, 44308\nUnited States"",""@context"":""http://schema.org"",""@type"":""Place""},""@context"":""http://schema.org"",""@type"":""Event""}"
2026-10-01T16:03:02Z,artistsofrubbercity.org,100116,art gallery,https://artistsofrubbercity.org/events/2019/9/19/cog-grant-presentation,Event,mapped_seed_site,,COG Grant Presentation — Artists of Rubber City,2019-09-19T18:30:00-0400,2019-09-19T20:00:00-0400,https://artistsofrubbercity.org/events/2019/9/19/cog-grant-presentation,,,,"{""name"":""Summit Artspace"",""address"":""140 East Market Street\nAkron, OH, 44308\nUnited States"",""@context"":""http://schema.org"",""@type"":""Place""}",,,,"[""http://static1.squarespace.com/static/5b6a27db1137a6a60f852c4c/5d6b1db5e4f17a00018dc1fb/5d6b1dc6a464e5000128aa18/1567301235309/DSC_0141.jpg?format=1500w""]",,"{""name"":""COG Grant Presentation — Artists of Rubber City"",""startDate"":""2019-09-19T18:30:00-0400"",""endDate"":""2019-09-19T20:00:00-0400"",""image"":[""http://static1.squarespace.com/static/5b6a27db1137a6a60f852c4c/5d6b1db5e4f17a00018dc1fb/5d6b1dc6a464e5000128aa18/1567301235309/DSC_0141.jpg?format=1500w""],""location"":{""name"":""Summit Artspace"",""address"":""140 East Market Street\nAkron, OH, 44308\nUnited States"",""@context"":""http://schema.org"",""@type"":""Place""},""@context"":""http://schema.org"",""@type"":""Event""}"
2026-10-01T16:03:02Z,artistsofrubbercity.org,100116,art gallery,https://artistsofrubbercity.org/events/2019/10/18/gallery-show-david-maynard-small-box-gallery,Event,mapped_seed_site,,Gallery Show: David Maynard (Small Box Gallery) — Artists of Rubber City,2019-10-18T15:30:00-0400,2019-11-09T17:00:00-0500,https://artistsofrubbercity.org/events/2019/10/18/gallery-show-david-maynard-small-box-gallery,,,,"{""name"":""The Small Box Gallery"",""address"":""140 East Market Street\nAKron"",""@context"":""http://schema.org"",""@type"":""Place""}",,,,"[""http://static1.squarespace.com/static/5b6a27db1137a6a60f852c4c/5d6b1db5e4f17a00018dc1fb/5db49e7a5d3ce536b6998094/1572121467427/made_in_america.jpg?format=1500w""]",,"{""name"":""Gallery Show: David Maynard (Small Box Gallery) — Artists of Rubber City"",""startDate"":""2019-10-18T15:30:00-0400"",""endDate"":""2019-11-09T17:00:00-0500"",""image"":[""http://static1.squarespace.com/static/5b6a27db1137a6a60f852c4c/5d6b1db5e4f17a00018dc1fb/5db49e7a5d3ce536b6998094/1572121467427/made_in_america.jpg?format=1500w""],""location"":{""name"":""The Small Box Gallery"",""address"":""140 East Market Street\nAKron"",""@context"":""http://schema.org"",""@type"":""Place""},""@context"":""http://schema.org"",""@type"":""Event""}"
2026-10-01T16:03:02Z,artistsofrubbercity.org,100116,art gallery,https://artistsofrubbercity.org/events/2019/10/26/gallery-show-emma-anderson-big-box-gallery,Event,mapped_seed_site,,Gallery Show: Emma Anderson (Big Box Gallery) — Artists of Rubber City,2019-10-18T16:00:00-0400,2019-11-01T18:00:00-0400,https://artistsofrubbercity.org/events/2019/10/26/gallery-show-emma-anderson-big-box-gallery,,,,"{""name"":""The Box Gallery"",""address"":""140 East Market Street\nAKron"",""@context"":""http://schema.org"",""@type"":""Place""}",,,,"[""http://static1.squarespace.com/static/5b6a27db1137a6a60f852c4c/5d6b1db5e4f17a00018dc1fb/5db49f91628b613d41867876/1572121967138/Anderson_Emma_I_Never_Did_Learn_How_To_Wear_The_Poker_Face.jpg?format=1500w""]",,"{""name"":""Gallery Show: Emma Anderson (Big Box Gallery) — Artists of Rubber City"",""startDate"":""2019-10-18T16:00:00-0400"",""endDate"":""2019-11-01T18:00:00-0400"",""image"":[""http://static1.squarespace.com/static/5b6a27db1137a6a60f852c4c/5d6b1db5e4f17a00018dc1fb/5db49f91628b613d41867876/1572121967138/Anderson_Emma_I_Never_Did_Learn_How_To_Wear_The_Poker_Face.jpg?format=1500w""],""location"":{""name"":""The Box Gallery"",""address"":""140 East Market Street\nAKron"",""@context"":""http://schema.org"",""@type"":""Place""},""@context"":""http://schema.org"",""@type"":""Event""}"
2026-10-01T16:03:02Z,artistsofrubbercity.org,100116,art gallery,https://artistsofrubbercity.org/events/2019/8/31/member-event-akron-public-library-makerspace-tour,Event,mapped_seed_site,,Member Event: Akron Public Library Makerspace Tour — Artists of Rubber City,2019-11-04T18:30:00-0500,2019-11-04T20:30:00-0500,https://artistsofrubbercity.org/events/2019/8/31/member-event-akron-public-library-makerspace-tour,,,,"{""name"":""akron pubic library"",""address"":""60 South High Street\nAkron, OH, 44326\nUnited States"",""@context"":""http://schema.org"",""@type"":""Place""}",,,,"[""http://static1.squarespace.com/static/5b6a27db1137a6a60f852c4c/5d6b1db5e4f17a00018dc1fb/5d6b1f66a464e5000128c779/1572122020430/?format=1500w""]",,"{""name"":""Member Event: Akron Public Library Makerspace Tour — Artists of Rubber City"",""startDate"":""2019-11-04T18:30:00-0500"",""endDate"":""2019-11-04T20:30:00-0500"",""image"":[""http://static1.squarespace.com/static/5b6a27db1137a6a60f852c4c/5d6b1db5e4f17a00018dc1fb/5d6b1f66a464e5000128c779/1572122020430/?format=1500w""],""location"":{""name"":""akron pubic library"",""address"":""60 South High Street\nAkron, OH, 44326\nUnited States"",""@context"":""http://schema.org"",""@type"":""Place""},""@context"":""http://schema.org"",""@type"":""Event""}"
2026-10-01T16:03:02Z,artistsofrubbercity.org,100116,art gallery,https://artistsofrubbercity.org/events/2019/11/22/aorc-members-show-opening,Event,mapped_seed_site,,AoRC Member's Show Opening — Artists of Rubber City,2019-11-22T17:00:00-0500,2019-11-22T20:00:00-0500,https://artistsofrubbercity.org/events/2019/11/22/aorc-members-show-opening,,,,"{""name"":"""",""address"":"""",""@context"":""http://schema.org"",""@type"":""Place""}",,,,"[""http://static1.squarespace.com/static/5b6a27db1137a6a60f852c4c/5d6b1db5e4f17a00018dc1fb/5db4aa80c081ef635028ab32/1574121555639/?format=1500w""]",,"{""name"":""AoRC Member's Show Opening — Artists of Rubber City"",""startDate"":""2019-11-22T17:00:00-0500"",""endDate"":""2019-11-22T20:00:00-0500"",""image"":[""http://static1.squarespace.com/static/5b6a27db1137a6a60f852c4c/5d6b1db5e4f17a00018dc1fb/5db4aa80c081ef635028ab32/1574121555639/?format=1500w""],""location"":{""name"":"""",""address"":"""",""@context"":""http://schema.org"",""@type"":""Place""},""@context"":""http://schema.org"",""@type"":""Event""}"
2026-10-01T16:03:02Z,artistsofrubbercity.org,100116,art gallery,https://artistsofrubbercity.org/events/2019/10/26/gallery-show-2019-members-show,Event,mapped_seed_site,,Gallery Show: 2019 Member's Show — Artists of Rubber City,2019-11-22T17:00:00-0500,2019-12-21T17:00:00-0500,https://artistsofrubbercity.org/events/2019/10/26/gallery-show-2019-members-show,,,,"{""name"":""The Box Gallery"",""address"":""140 East Market Street\nAkron, Ohio 44313"",""@context"":""http://schema.org"",""@type"":""Place""}",,,,"[""http://static1.squarespace.com/static/5b6a27db1137a6a60f852c4c/5d6b1db5e4f17a00018dc1fb/5db4accac081ef635028d512/1574121832184/?format=1500w""]",,"{""name"":""Gallery Show: 2019 Member's Show — Artists of Rubber City"",""startDate"":""2019-11-22T17:00:00-0500"",""endDate"":""2019-12-21T17:00:00-0500"",""image"":[""http://static1.squarespace.com/static/5b6a27db1137a6a60f852c4c/5d6b1db5e4f17a00018dc1fb/5db4accac081ef635028d512/1574121832184/?format=1500w""],""location"":{""name"":""The Box Gallery"",""address"":""140 East Market Street\nAkron, Ohio 44313"",""@context"":""http://schema.org"",""@type"":""Place""},""@context"":""http://schema.org"",""@type"":""Event""}"
2026-10-01T16:03:02Z,artistsofrubbercity.org,100116,art gallery,https://artistsofrubbercity.org/events/2020/1/10/first-member-solo-show-of-2020-opening-reception,Event,mapped_seed_site,,Susan Lilley Photography in the Box Gallery — Artists of Rubber City,2020-01-10T17:00:00-0500,2020-01-10T20:00:00-0500,https://artistsofrubbercity.org/events/2020/1/10/first-member-solo-show-of-2020-opening-reception,,,,"{""name"":"""",""address"":"""",""@context"":""http://schema.org"",""@type"":""Place""}",,,,"[""http://static1.squarespace.com/static/5b6a27db1137a6a60f852c4c/5d6b1db5e4f17a00018dc1fb/5ded29743606224f967039b2/1578360381767/Lilley_RoundRack-1.jpg?format=1500w""]",,"{""name"":""Susan Lilley Photography in the Box Gallery — Artists of Rubber City"",""startDate"":""2020-01-10T17:00:00-0500"",""endDate"":""2020-01-10T20:00:00-0500"",""image"":[""http://static1.squarespace.com/static/5b6a27db1137a6a60f852c4c/5d6b1db5e4f17a00018dc1fb/5ded29743606224f967039b2/1578360381767/Lilley_RoundRack-1.jpg?format=1500w""],""location"":{""name"":"""",""address"":"""",""@context"":""http://schema.org"",""@type"":""Place""},""@context"":""http://schema.org"",""@type"":""Event""}"
2026-10-01T16:03:02Z,artistsofrubbercity.org,100116,art gallery,https://artistsofrubbercity.org/events/2020/1/22/aorc-board-meeting,Event,mapped_seed_site,,AoRC Board Meeting — Artists of Rubber City,2020-01-22T18:00:00-0500,2020-01-22T20:00:00-0500,https://artistsofrubbercity.org/events/2020/1/22/aorc-board-meeting,,,,"{""name"":"""",""address"":"""",""@context"":""http://schema.org"",""@type"":""Place""}",,,,"[""http://static1.squarespace.com/static/5b6a27db1137a6a60f852c4c/5d6b1db5e4f17a00018dc1fb/5ded2a45ce1e084cec859d94/1575826593173/board-chalk-chalk-board-chalkboard-625219+%282%29.jpg?format=1500w""]",,"{""name"":""AoRC Board Meeting — Artists of Rubber City"",""startDate"":""2020-01-22T18:00:00-0500"",""endDate"":""2020-01-22T20:00:00-0500"",""image"":[""http://static1.squarespace.com/static/5b6a27db1137a6a60f852c4c/5d6b1db5e4f17a00018dc1fb/5ded2a45ce1e084cec859d94/1575826593173/board-chalk-chalk-board-chalkboard-625219+%282%29.jpg?format=1500w""],""location"":{""name"":"""",""address"":"""",""@context"":""http://schema.org"",""@type"":""Place""},""@context"":""http://schema.org"",""@type"":""Event""}"
2026-10-01T16:03:02Z,artistsofrubbercity.org,100116,art gallery,https://artistsofrubbercity.org/events/2020/2/21/the-me-i-seldom-share-a-portrait-project-by-don-parsisson-1,Event,mapped_seed_site,,"The Me I Seldom Share, a Portrait Project by Don Parsisson — Artists of Rubber City",2020-02-21T17:00:00-0500,2020-03-28T17:00:00-0400,https://artistsofrubbercity.org/events/2020/2/21/the-me-i-seldom-share-a-portrait-project-by-don-parsisson-1,,,,"{""name"":"""",""address"":"""",""@context"":""http://schema.org"",""@type"":""Place""}",,,,"[""http://static1.squarespace.com/static/5b6a27db1137a6a60f852c4c/5d6b1db5e4f17a00018dc1fb/5e2a4cafcf311b15c0eb6516/1582401867379/Don-show-820x312.jpg?format=1500w""]",,"{""name"":""The Me I Seldom Share, a Portrait Project by Don Parsisson — Artists of Rubber City"",""startDate"":""2020-02-21T17:00:00-0500"",""endDate"":""2020-03-28T17:00:00-0400"",""image"":[""http://static1.squarespace.com/static/5b6a27db1137a6a60f852c4c/5d6b1db5e4f17a00018dc1fb/5e2a4cafcf311b15c0eb6516/1582401867379/Don-show-820x312.jpg?format=1500w""],""location"":{""name"":"""",""address"":"""",""@context"":""http://schema.org"",""@type"":""Place""},""@context"":""http://schema.org"",""@type"":""Event""}"
2026-10-01T16:03:02Z,artistsofrubbercity.org,100116,art gallery,https://artistsofrubbercity.org/events/2020/2/26/aorc-board-meeting,Event,mapped_seed_site,,AoRC Board Meeting — Artists of Rubber City,2020-02-26T18:00:00-0500,2020-02-26T20:00:00-0500,https://artistsofrubbercity.org/events/2020/2/26/aorc-board-meeting,,,,"{""name"":"""",""address"":"""",""@context"":""http://schema.org"",""@type"":""Place""}",,,,"[""http://static1.squarespace.com/static/5b6a27db1137a6a60f852c4c/5d6b1db5e4f17a00018dc1fb/5ded2b1cd4078151fc742bc9/1575826631427/board-chalk-chalk-board-chalkboard-625219+%282%29.jpg?format=1500w""]",,"{""name"":""AoRC Board Meeting — Artists of Rubber City"",""startDate"":""2020-02-26T18:00:00-0500"",""endDate"":""2020-02-26T20:00:00-0500"",""image"":[""http://static1.squarespace.com/static/5b6a27db1137a6a60f852c4c/5d6b1db5e4f17a00018dc1fb/5ded2b1cd4078151fc742bc9/1575826631427/board-chalk-chalk-board-chalkboard-625219+%282%29.jpg?format=1500w""],""location"":{""name"":"""",""address"":"""",""@context"":""http://schema.org"",""@type"":""Place""},""@context"":""http://schema.org"",""@type"":""Event""}"
2026-10-01T16:03:02Z,artistsofrubbercity.org,100116,art gallery,https://artistsofrubbercity.org/events/2020/3/25/aorc-board-meeting,Event,mapped_seed_site,,AoRC Board Meeting — Artists of Rubber City,2020-03-25T18:00:00-0400,2020-03-25T20:00:00-0400,https://artistsofrubbercity.org/events/2020/3/25/aorc-board-meeting,,,,"{""name"":"""",""address"":"""",""@context"":""http://schema.org"",""@type"":""Place""}",,,,"[""http://static1.squarespace.com/static/5b6a27db1137a6a60f852c4c/5d6b1db5e4f17a00018dc1fb/5ded2b7a3606224f96706440/1575826684053/board-chalk-chalk-board-chalkboard-625219+%282%29.jpg?format=1500w""]",,"{""name"":""AoRC Board Meeting — Artists of Rubber City"",""startDate"":""2020-03-25T18:00:00-0400"",""endDate"":""2020-03-25T20:00:00-0400"",""image"":[""http://static1.squarespace.com/static/5b6a27db1137a6a60f852c4c/5d6b1db5e4f17a00018dc1fb/5ded2b7a3606224f96706440/1575826684053/board-chalk-chalk-board-chalkboard-625219+%282%29.jpg?format=1500w""],""location"":{""name"":"""",""address"":"""",""@context"":""http://schema.org"",""@type"":""Place""},""@context"":""http://schema.org"",""@type"":""Event""}"
2026-10-01T16:03:02Z,artistsofrubbercity.org,100116,art gallery,https://artistsofrubbercity.org/events/2020/4/10/coming-home-drawings-and-sculpture-by-terry-klausman,Event,mapped_seed_site,,"Coming Home, Drawings and Sculpture by Terry Klausman — Artists of Rubber City",2020-04-10T17:00:00-0400,2020-05-09T17:00:00-0400,https://artistsofrubbercity.org/events/2020/4/10/coming-home-drawings-and-sculpture-by-terry-klausman,,,,"{""name"":"""",""address"":"""",""@context"":""http://schema.org"",""@type"":""Place""}",,,,"[""http://static1.squarespace.com/static/5b6a27db1137a6a60f852c4c/5d6b1db5e4f17a00018dc1fb/5e2a4ceaa14fd526ec8bb608/1579909388407/three-paintings-hanging-in-gallery-1674049+%281%29.jpg?format=1500w""]",,"{""name"":""Coming Home, Drawings and Sculpture by Terry Klausman — Artists of Rubber City"",""startDate"":""2020-04-10T17:00:00-0400"",""endDate"":""2020-05-09T17:00:00-0400"",""image"":[""http://static1.squarespace.com/static/5b6a27db1137a6a60f852c4c/5d6b1db5e4f17a00018dc1fb/5e2a4ceaa14fd526ec8bb608/1579909388407/three-paintings-hanging-in-gallery-1674049+%281%29.jpg?format=1500w""],""location"":{""name"":"""",""address"":"""",""@context"":""http://schema.org"",""@type"":""Place""},""@context"":""http://schema.org"",""@type"":""Event""}"
2026-10-01T16:03:02Z,artistsofrubbercity.org,100116,art gallery,https://artistsofrubbercity.org/events/2020/4/10/regional-juried-show-presented-by-artists-of-rubber-city,Event,mapped_seed_site,,Regional Juried Show presented by Artists of Rubber City — Artists of Rubber City,2020-04-10T17:00:00-0400,2020-04-10T20:00:00-0400,https://artistsofrubbercity.org/events/2020/4/10/regional-juried-show-presented-by-artists-of-rubber-city,,,,"{""name"":"""",""address"":"""",""@context"":""http://schema.org"",""@type"":""Place""}",,,,"[""http://static1.squarespace.com/static/5b6a27db1137a6a60f852c4c/5d6b1db5e4f17a00018dc1fb/5ded2bc87ace79162d2e3793/1579132159038/IMG_9187.jpg?format=1500w""]",,"{""name"":""Regional Juried Show presented by Artists of Rubber City — Artists of Rubber City"",""startDate"":""2020-04-10T17:00:00-0400"",""endDate"":""2020-04-10T20:00:00-0400"",""image"":[""http://static1.squarespace.com/static/5b6a27db1137a6a60f852c4c/5d6b1db5e4f17a00018dc1fb/5ded2bc87ace79162d2e3793/1579132159038/IMG_9187.jpg?format=1500w""],""location"":{""name"":"""",""address"":"""",""@context"":""http://schema.org"",""@type"":""Place""},""@context"":""http://schema.org"",""@type"":""Event""}"
2026-10-01T16:03:02Z,artistsofrubbercity.org,100116,art gallery,https://artistsofrubbercity.org/events/2020/4/22/aorc-board-meeting,Event,mapped_seed_site,,AoRC Board Meeting — Artists of Rubber City,2020-04-22T18:00:00-0400,2020-04-22T20:00:00-0400,https://artistsofrubbercity.org/events/2020/4/22/aorc-board-meeting,,,,"{""name"":"""",""address"":"""",""@context"":""http://schema.org"",""@type"":""Place""}",,,,"[""http://static1.squarespace.com/static/5b6a27db1137a6a60f852c4c/5d6b1db5e4f17a00018dc1fb/5ded2d02ce1e084cec85e089/1575827207653/board-chalk-chalk-board-chalkboard-625219+%282%29.jpg?format=1500w""]",,"{""name"":""AoRC Board Meeting — Artists of Rubber City"",""startDate"":""2020-04-22T18:00:00-0400"",""endDate"":""2020-04-22T20:00:00-0400"",""image"":[""http://static1.squarespace.com/static/5b6a27db1137a6a60f852c4c/5d6b1db5e4f17a00018dc1fb/5ded2d02ce1e084cec85e089/1575827207653/board-chalk-chalk-board-chalkboard-625219+%282%29.jpg?format=1500w""],""location"":{""name"":"""",""address"":"""",""@context"":""http://schema.org"",""@type"":""Place""},""@context"":""http://schema.org"",""@type"":""Event""}"
2026-10-01T16:03:02Z,artistsofrubbercity.org,100116,art gallery,https://artistsofrubbercity.org/events/2020/5/22/peace-of-paper-paper-sculpture-and-mixed-media-by-kimberly-porter,Event,mapped_seed_site,,"Peace of Paper, Paper Sculpture and Mixed Media by Kimberly Porter — Artists of Rubber City",2020-05-22T17:00:00-0400,2020-06-27T17:00:00-0400,https://artistsofrubbercity.org/events/2020/5/22/peace-of-paper-paper-sculpture-and-mixed-media-by-kimberly-porter,,,,"{""name"":"""",""address"":"""",""@context"":""http://schema.org"",""@type"":""Place""}",,,,"[""http://static1.squarespace.com/static/5b6a27db1137a6a60f852c4c/5d6b1db5e4f17a00018dc1fb/5e2a4d2309f71f5734af671c/1579909412403/three-paintings-hanging-in-gallery-1674049+%281%29.jpg?format=1500w""]",,"{""name"":""Peace of Paper, Paper Sculpture and Mixed Media by Kimberly Porter — Artists of Rubber City"",""startDate"":""2020-05-22T17:00:00-0400"",""endDate"":""2020-06-27T17:00:00-0400"",""image"":[""http://static1.squarespace.com/static/5b6a27db1137a6a60f852c4c/5d6b1db5e4f17a00018dc1fb/5e2a4d2309f71f5734af671c/1579909412403/three-paintings-hanging-in-gallery-1674049+%281%29.jpg?format=1500w""],""location"":{""name"":"""",""address"":"""",""@context"":""http://schema.org"",""@type"":""Place""},""@context"":""http://schema.org"",""@type"":""Event""}"
2026-10-01T16:03:02Z,artistsofrubbercity.org,100116,art gallery,https://artistsofrubbercity.org/events/2020/7/10/odd-man-out-fiber-art-by-carole-pollard,Event,mapped_seed_site,,"Odd Man Out, Fiber Art by Carole Pollard — Artists of Rubber City",2020-07-10T17:00:00-0400,2020-08-15T17:00:00-0400,https://artistsofrubbercity.org/events/2020/7/10/odd-man-out-fiber-art-by-carole-pollard,,,,"{""name"":"""",""address"":"""",""@context"":""http://schema.org"",""@type"":""Place""}",,,,"[""http://static1.squarespace.com/static/5b6a27db1137a6a60f852c4c/5d6b1db5e4f17a00018dc1fb/5e2a4d47e7f6da189c045da4/1579909437790/three-paintings-hanging-in-gallery-1674049+%281%29.jpg?format=1500w""]",,"{""name"":""Odd Man Out, Fiber Art by Carole Pollard — Artists of Rubber City"",""startDate"":""2020-07-10T17:00:00-0400"",""endDate"":""2020-08-15T17:00:00-0400"",""image"":[""http://static1.squarespace.com/static/5b6a27db1137a6a60f852c4c/5d6b1db5e4f17a00018dc1fb/5e2a4d47e7f6da189c045da4/1579909437790/three-paintings-hanging-in-gallery-1674049+%281%29.jpg?format=1500w""],""location"":{""name"":"""",""address"":"""",""@context"":""http://schema.org"",""@type"":""Place""},""@context"":""http://schema.org"",""@type"":""Event""}"
2026-10-01T16:03:02Z,artistsofrubbercity.org,100116,art gallery,https://artistsofrubbercity.org/events/2020/8/28/the-elementals-collage-by-karen-koch,Event,mapped_seed_site,,"The Elementals, Collage by Karen Koch — Artists of Rubber City",2020-08-28T17:00:00-0400,2020-09-26T13:00:00-0400,https://artistsofrubbercity.org/events/2020/8/28/the-elementals-collage-by-karen-koch,,,,"{""name"":"""",""address"":"""",""@context"":""http://schema.org"",""@type"":""Place""}",,,,"[""http://static1.squarespace.com/static/5b6a27db1137a6a60f852c4c/5d6b1db5e4f17a00018dc1fb/5e2a4d70256bbc3c10d587ce/1579909460561/three-paintings-hanging-in-gallery-1674049+%281%29.jpg?format=1500w""]",,"{""name"":""The Elementals, Collage by Karen Koch — Artists of Rubber City"",""startDate"":""2020-08-28T17:00:00-0400"",""endDate"":""2020-09-26T13:00:00-0400"",""image"":[""http://static1.squarespace.com/static/5b6a27db1137a6a60f852c4c/5d6b1db5e4f17a00018dc1fb/5e2a4d70256bbc3c10d587ce/1579909460561/three-paintings-hanging-in-gallery-1674049+%281%29.jpg?format=1500w""],""location"":{""name"":"""",""address"":"""",""@context"":""http://schema.org"",""@type"":""Place""},""@context"":""http://schema.org"",""@type"":""Event""}"
2026-10-01T16:03:02Z,artistsofrubbercity.org,100116,art gallery,https://artistsofrubbercity.org/events/2021/4/9/artists-of-rubber-city-2021-members-show,Event,mapped_seed_site,,Artists of Rubber City 2021 Members Show — Artists of Rubber City,2021-04-09T17:00:00-0400,2021-05-22T22:00:00-0400,https://artistsofrubbercity.org/events/2021/4/9/artists-of-rubber-city-2021-members-show,,,,"{""name"":"""",""address"":"""",""@context"":""http://schema.org"",""@type"":""Place""}",,,,,,"{""name"":""Artists of Rubber City 2021 Members Show — Artists of Rubber City"",""startDate"":""2021-04-09T17:00:00-0400"",""endDate"":""2021-05-22T22:00:00-0400"",""location"":{""name"":"""",""address"":"""",""@context"":""http://schema.org"",""@type"":""Place""},""@context"":""http://schema.org"",""@type"":""Event""}"
2026-10-01T16:03:02Z,artistsofrubbercity.org,100116,art gallery,https://artistsofrubbercity.org/events/2021/9/25/from-the-ashes-wood-fired-ceramics-by-sharon-wagner,Event,mapped_seed_site,,"From The Ashes, Wood-fired ceramics by Sharon Wagner — Artists of Rubber City",2021-09-03T17:00:00-0400,2021-09-25T18:00:00-0400,https://artistsofrubbercity.org/events/2021/9/25/from-the-ashes-wood-fired-ceramics-by-sharon-wagner,,,,"{""name"":"""",""address"":"""",""@context"":""http://schema.org"",""@type"":""Place""}",,,,"[""http://static1.squarespace.com/static/5b6a27db1137a6a60f852c4c/t/6135057cf959853c00cca9d3/1630864972486/SHARON.jpg?format=1500w""]",,"{""name"":""From The Ashes, Wood-fired ceramics by Sharon Wagner — Artists of Rubber City"",""startDate"":""2021-09-03T17:00:00-0400"",""endDate"":""2021-09-25T18:00:00-0400"",""image"":[""http://static1.squarespace.com/static/5b6a27db1137a6a60f852c4c/t/6135057cf959853c00cca9d3/1630864972486/SHARON.jpg?format=1500w""],""location"":{""name"":"""",""address"":"""",""@context"":""http://schema.org"",""@type"":""Place""},""@context"":""http://schema.org"",""@type"":""Event""}"
2026-10-01T16:03:02Z,artistsofrubbercity.org,100116,art gallery,https://artistsofrubbercity.org/events/2021/10/1/susan-yingling-laser-engraved-photos-amp-collage,Event,mapped_seed_site,,Susan Yingling : Laser engraved photos &amp; collage — Artists of Rubber City,2021-10-01T11:00:00-0400,2021-10-30T17:00:00-0400,https://artistsofrubbercity.org/events/2021/10/1/susan-yingling-laser-engraved-photos-amp-collage,,,,"{""name"":"""",""address"":"""",""@context"":""http://schema.org"",""@type"":""Place""}",,,,,,"{""name"":""Susan Yingling : Laser engraved photos &amp; collage — Artists of Rubber City"",""startDate"":""2021-10-01T11:00:00-0400"",""endDate"":""2021-10-30T17:00:00-0400"",""location"":{""name"":"""",""address"":"""",""@context"":""http://schema.org"",""@type"":""Place""},""@context"":""http://schema.org"",""@type"":""Event""}"
2026-10-01T16:03:02Z,artistsofrubbercity.org,100116,art gallery,https://artistsofrubbercity.org/events/2021/11/5/gail-taber-beaded-sculpture-amp-collage,Event,mapped_seed_site,,Gail Taber ~ Beaded Sculpture &amp; Collage — Artists of Rubber City,2021-11-05T17:00:00-0400,2021-11-27T17:00:00-0500,https://artistsofrubbercity.org/events/2021/11/5/gail-taber-beaded-sculpture-amp-collage,,,,"{""name"":"""",""address"":"""",""@context"":""http://schema.org"",""@type"":""Place""}",,,,,,"{""name"":""Gail Taber ~ Beaded Sculpture &amp; Collage — Artists of Rubber City"",""startDate"":""2021-11-05T17:00:00-0400"",""endDate"":""2021-11-27T17:00:00-0500"",""location"":{""name"":"""",""address"":"""",""@context"":""http://schema.org"",""@type"":""Place""},""@context"":""http://schema.org"",""@type"":""Event""}"
2026-10-01T16:03:02Z,artistsofrubbercity.org,100116,art gallery,https://artistsofrubbercity.org/events/2022/1/14/looking-back-moving-forward-art-quilts-by-carole-pollard,Event,mapped_seed_site,,Looking Back; Moving Forward Art Quilts by Carole Pollard — Artists of Rubber City,2022-01-14T12:00:00-0500,2022-02-19T17:00:00-0500,https://artistsofrubbercity.org/events/2022/1/14/looking-back-moving-forward-art-quilts-by-carole-pollard,,,,"{""name"":"""",""address"":"""",""@context"":""http://schema.org"",""@type"":""Place""}",,,,"[""http://static1.squarespace.com/static/5b6a27db1137a6a60f852c4c/t/61dcbcea1becfe6336958cb0/1641856398862/Image_1-4-22_at_8.20_AM_1569091193774.jpeg?format=1500w""]",,"{""name"":"" Looking Back; Moving Forward                   Art Quilts  by Carole Pollard  — Artists of Rubber City"",""startDate"":""2022-01-14T12:00:00-0500"",""endDate"":""2022-02-19T17:00:00-0500"",""image"":[""http://static1.squarespace.com/static/5b6a27db1137a6a60f852c4c/t/61dcbcea1becfe6336958cb0/1641856398862/Image_1-4-22_at_8.20_AM_1569091193774.jpeg?format=1500w""],""location"":{""name"":"""",""address"":"""",""@context"":""http://schema.org"",""@type"":""Place""},""@context"":""http://schema.org"",""@type"":""Event""}"
2026-10-01T16:03:02Z,artistsofrubbercity.org,100116,art gallery,https://artistsofrubbercity.org/events/2022/3/4/shape-place-perception-michele-m-pamer-hart-march-4-26-2022,Event,mapped_seed_site,,"Shape Place Perception: Abstracts in Porcelain Ceramics | Michele M Pamer-Hart ~ March 4 - 26, 2022 — Artists of Rubber City",2022-03-04T17:00:00-0500,2022-03-26T17:00:00-0400,https://artistsofrubbercity.org/events/2022/3/4/shape-place-perception-michele-m-pamer-hart-march-4-26-2022,,,,"{""name"":"""",""address"":"""",""@context"":""http://schema.org"",""@type"":""Place""}",,,,,,"{""name"":""Shape  Place  Perception: Abstracts in Porcelain Ceramics  |  Michele M Pamer-Hart  ~ March 4 - 26, 2022 — Artists of Rubber City"",""startDate"":""2022-03-04T17:00:00-0500"",""endDate"":""2022-03-26T17:00:00-0400"",""location"":{""name"":"""",""address"":"""",""@context"":""http://schema.org"",""@type"":""Place""},""@context"":""http://schema.org"",""@type"":""Event""}"
2026-10-01T16:03:02Z,artistsofrubbercity.org,100116,art gallery,https://artistsofrubbercity.org/events/2022/4/8/reassembled-memories-bret-hines-april-8-to-30-2022,Event,mapped_seed_site,,"Reassembled Memories ~ Bret Hines | April 8 to 30, 2022 — Artists of Rubber City",2022-04-08T17:00:00-0400,2022-04-30T17:00:00-0400,https://artistsofrubbercity.org/events/2022/4/8/reassembled-memories-bret-hines-april-8-to-30-2022,,,,"{""name"":"""",""address"":"""",""@context"":""http://schema.org"",""@type"":""Place""}",,,,,,"{""name"":""Reassembled Memories ~ Bret Hines   |   April 8 to 30, 2022 — Artists of Rubber City"",""startDate"":""2022-04-08T17:00:00-0400"",""endDate"":""2022-04-30T17:00:00-0400"",""location"":{""name"":"""",""address"":"""",""@context"":""http://schema.org"",""@type"":""Place""},""@context"":""http://schema.org"",""@type"":""Event""}"
2026-10-01T16:03:02Z,artistsofrubbercity.org,100116,art gallery,https://artistsofrubbercity.org/events/2022/5/7/when-the-blue-hen-falls-tina-grodin-may-7-may-28,Event,mapped_seed_site,,"When the Blue Hen Falls ~ Tina Grodin | May 7 - May 28, 2022 — Artists of Rubber City",2022-05-07T17:00:00-0400,2022-05-28T14:00:00-0400,https://artistsofrubbercity.org/events/2022/5/7/when-the-blue-hen-falls-tina-grodin-may-7-may-28,,,,"{""name"":"""",""address"":"""",""@context"":""http://schema.org"",""@type"":""Place""}",,,,,,"{""name"":""When the Blue Hen Falls ~ Tina Grodin  |  May 7 - May 28, 2022 — Artists of Rubber City"",""startDate"":""2022-05-07T17:00:00-0400"",""endDate"":""2022-05-28T14:00:00-0400"",""location"":{""name"":"""",""address"":"""",""@context"":""http://schema.org"",""@type"":""Place""},""@context"":""http://schema.org"",""@type"":""Event""}"
2026-10-01T16:03:02Z,artistsofrubbercity.org,100116,art gallery,https://artistsofrubbercity.org/events/2022/6/3/everything-i-need-to-know-i-learned-from-a-cabbage-carol-klingel-june-3-5-2022,Event,mapped_seed_site,,"Everything I need to know I learned from a cabbage ~ Carol Klingel | June 3-5, 2022 — Artists of Rubber City",2022-06-03T17:00:00-0400,2022-06-25T17:00:00-0400,https://artistsofrubbercity.org/events/2022/6/3/everything-i-need-to-know-i-learned-from-a-cabbage-carol-klingel-june-3-5-2022,,,,"{""name"":"""",""address"":"""",""@context"":""http://schema.org"",""@type"":""Place""}",,,,,,"{""name"":""Everything I need to know I learned from a cabbage ~ Carol Klingel  |  June 3-5, 2022 — Artists of Rubber City"",""startDate"":""2022-06-03T17:00:00-0400"",""endDate"":""2022-06-25T17:00:00-0400"",""location"":{""name"":"""",""address"":"""",""@context"":""http://schema.org"",""@type"":""Place""},""@context"":""http://schema.org"",""@type"":""Event""}"
2026-10-01T16:03:02Z,artistsofrubbercity.org,100116,art gallery,https://artistsofrubbercity.org/events/2022/7/8/artists-of-rubber-city-members-show-transition-gallery-july-8-sept-17-2022,Event,mapped_seed_site,,"Artists of Rubber City Members Show | Transition Gallery | July 8 - Sept 17, 2022 — Artists of Rubber City",2022-07-08T17:00:00-0400,2022-09-17T17:00:00-0400,https://artistsofrubbercity.org/events/2022/7/8/artists-of-rubber-city-members-show-transition-gallery-july-8-sept-17-2022,,,,"{""name"":"""",""address"":"""",""@context"":""http://schema.org"",""@type"":""Place""}",,,,,,"{""name"":""Artists of Rubber City Members Show  |  Transition Gallery  | July 8 - Sept 17, 2022 — Artists of Rubber City"",""startDate"":""2022-07-08T17:00:00-0400"",""endDate"":""2022-09-17T17:00:00-0400"",""location"":{""name"":"""",""address"":"""",""@context"":""http://schema.org"",""@type"":""Place""},""@context"":""http://schema.org"",""@type"":""Event""}"
2026-10-01T16:03:02Z,artistsofrubbercity.org,100116,art gallery,https://artistsofrubbercity.org/events/2022/7/8/joe-dick-july-8-july-30-2022,Event,mapped_seed_site,,"Joe Dick | July 8 - July 30, 2022 — Artists of Rubber City",2022-07-08T17:00:00-0400,2022-07-30T17:00:00-0400,https://artistsofrubbercity.org/events/2022/7/8/joe-dick-july-8-july-30-2022,,,,"{""name"":"""",""address"":"""",""@context"":""http://schema.org"",""@type"":""Place""}",,,,,,"{""name"":""Joe Dick  |  July 8 - July 30, 2022 — Artists of Rubber City"",""startDate"":""2022-07-08T17:00:00-0400"",""endDate"":""2022-07-30T17:00:00-0400"",""location"":{""name"":"""",""address"":"""",""@context"":""http://schema.org"",""@type"":""Place""},""@context"":""http://schema.org"",""@type"":""Event""}"
2026-10-01T16:03:02Z,artistsofrubbercity.org,100116,art gallery,https://artistsofrubbercity.org/events/2022/8/8/ted-maringer-august-8-27-2022,Event,mapped_seed_site,,"Ted Maringer | Fiber Works | August 5 - 27, 2022 — Artists of Rubber City",2022-08-05T12:00:00-0400,2022-08-27T17:00:00-0400,https://artistsofrubbercity.org/events/2022/8/8/ted-maringer-august-8-27-2022,,,,"{""name"":"""",""address"":"""",""@context"":""http://schema.org"",""@type"":""Place""}",,,,,,"{""name"":""Ted Maringer  |  Fiber Works   |   August 5 - 27, 2022 — Artists of Rubber City"",""startDate"":""2022-08-05T12:00:00-0400"",""endDate"":""2022-08-27T17:00:00-0400"",""location"":{""name"":"""",""address"":"""",""@context"":""http://schema.org"",""@type"":""Place""},""@context"":""http://schema.org"",""@type"":""Event""}"
2026-10-01T16:03:02Z,artistsofrubbercity.org,100116,art gallery,https://artistsofrubbercity.org/events/2022/8/13/artists-gallery-talk,Event,mapped_seed_site,,Artist's Gallery Talk — Artists of Rubber City,2022-08-13T13:00:00-0400,2022-08-13T14:00:00-0400,https://artistsofrubbercity.org/events/2022/8/13/artists-gallery-talk,,,,"{""name"":"""",""address"":"""",""@context"":""http://schema.org"",""@type"":""Place""}",,,,,,"{""name"":""Artist's Gallery Talk — Artists of Rubber City"",""startDate"":""2022-08-13T13:00:00-0400"",""endDate"":""2022-08-13T14:00:00-0400"",""location"":{""name"":"""",""address"":"""",""@context"":""http://schema.org"",""@type"":""Place""},""@context"":""http://schema.org"",""@type"":""Event""}"
2026-10-01T16:03:02Z,artistsofrubbercity.org,100116,art gallery,https://artistsofrubbercity.org/events/2022/9/2/linda-amp-dave-everhard-sept-2-17-2022,Event,mapped_seed_site,,"Linda &amp; Dave Everhard | Sept 2 - 17, 2022 — Artists of Rubber City",2022-09-02T17:00:00-0400,2022-09-17T17:00:00-0400,https://artistsofrubbercity.org/events/2022/9/2/linda-amp-dave-everhard-sept-2-17-2022,,,,"{""name"":"""",""address"":"""",""@context"":""http://schema.org"",""@type"":""Place""}",,,,,,"{""name"":""Linda &amp; Dave Everhard  |  Sept 2 - 17, 2022 — Artists of Rubber City"",""startDate"":""2022-09-02T17:00:00-0400"",""endDate"":""2022-09-17T17:00:00-0400"",""location"":{""name"":"""",""address"":"""",""@context"":""http://schema.org"",""@type"":""Place""},""@context"":""http://schema.org"",""@type"":""Event""}"
2026-10-01T16:03:02Z,artistsofrubbercity.org,100116,art gallery,https://artistsofrubbercity.org/events/2022/10/7/charles-felzen-johnson-md-oct-7-29-2022,Event,mapped_seed_site,,"Charles Felzen Johnson, MD | Oct. 7 - 29, 2022 — Artists of Rubber City",2022-10-07T17:00:00-0400,2022-10-29T17:00:00-0400,https://artistsofrubbercity.org/events/2022/10/7/charles-felzen-johnson-md-oct-7-29-2022,,,,"{""name"":"""",""address"":"""",""@context"":""http://schema.org"",""@type"":""Place""}",,,,"[""http://static1.squarespace.com/static/5b6a27db1137a6a60f852c4c/5d6b1db5e4f17a00018dc1fb/6227fcb66579322756d46d17/1663935113254/CFJ+poster.jpeg?format=1500w""]",,"{""name"":""Charles Felzen Johnson, MD  |  Oct. 7 - 29, 2022 — Artists of Rubber City"",""startDate"":""2022-10-07T17:00:00-0400"",""endDate"":""2022-10-29T17:00:00-0400"",""image"":[""http://static1.squarespace.com/static/5b6a27db1137a6a60f852c4c/5d6b1db5e4f17a00018dc1fb/6227fcb66579322756d46d17/1663935113254/CFJ+poster.jpeg?format=1500w""],""location"":{""name"":"""",""address"":"""",""@context"":""http://schema.org"",""@type"":""Place""},""@context"":""http://schema.org"",""@type"":""Event""}"
2026-10-01T16:03:02Z,artistsofrubbercity.org,100116,art gallery,https://artistsofrubbercity.org/events/2022/9/13/second-annual-small-works-show,Event,mapped_seed_site,,Second Annual Small Works Show — Artists of Rubber City,2022-11-18T12:00:00-0500,2022-12-17T17:00:00-0500,https://artistsofrubbercity.org/events/2022/9/13/second-annual-small-works-show,,,,"{""name"":"""",""address"":"""",""@context"":""http://schema.org"",""@type"":""Place""}",,,,"[""http://static1.squarespace.com/static/5b6a27db1137a6a60f852c4c/5d6b1db5e4f17a00018dc1fb/63207933388a970843aa4894/1668377891707/aorc+nov-dec.jpeg?format=1500w""]",,"{""name"":""Second Annual Small Works Show — Artists of Rubber City"",""startDate"":""2022-11-18T12:00:00-0500"",""endDate"":""2022-12-17T17:00:00-0500"",""image"":[""http://static1.squarespace.com/static/5b6a27db1137a6a60f852c4c/5d6b1db5e4f17a00018dc1fb/63207933388a970843aa4894/1668377891707/aorc+nov-dec.jpeg?format=1500w""],""location"":{""name"":"""",""address"":"""",""@context"":""http://schema.org"",""@type"":""Place""},""@context"":""http://schema.org"",""@type"":""Event""}"
2026-10-01T16:03:02Z,artistsofrubbercity.org,100116,art gallery,https://artistsofrubbercity.org/events/2023/1/13/the-aura-of-assemblage,Event,mapped_seed_site,,The Aura of Assemblage — Artists of Rubber City,2023-01-13T12:00:00-0500,2023-02-11T17:00:00-0500,https://artistsofrubbercity.org/events/2023/1/13/the-aura-of-assemblage,,,,"{""name"":"""",""address"":"""",""@context"":""http://schema.org"",""@type"":""Place""}",,,,"[""http://static1.squarespace.com/static/5b6a27db1137a6a60f852c4c/t/63b33d8486fb6b10e173a17c/1672691082356/ElizabethPrindle-JANUARY23.jpeg?format=1500w""]",,"{""name"":""The Aura of Assemblage — Artists of Rubber City"",""startDate"":""2023-01-13T12:00:00-0500"",""endDate"":""2023-02-11T17:00:00-0500"",""image"":[""http://static1.squarespace.com/static/5b6a27db1137a6a60f852c4c/t/63b33d8486fb6b10e173a17c/1672691082356/ElizabethPrindle-JANUARY23.jpeg?format=1500w""],""location"":{""name"":"""",""address"":"""",""@context"":""http://schema.org"",""@type"":""Place""},""@context"":""http://schema.org"",""@type"":""Event""}"
2026-10-01T16:03:02Z,artistsofrubbercity.org,100116,art gallery,https://artistsofrubbercity.org/events/2023/2/24/out-of-the-ordinary,Event,mapped_seed_site,,Out of the Ordinary — Artists of Rubber City,2023-02-24T12:00:00-0500,2023-03-18T17:00:00-0400,https://artistsofrubbercity.org/events/2023/2/24/out-of-the-ordinary,,,,"{""name"":"""",""address"":"""",""@context"":""http://schema.org"",""@type"":""Place""}",,,,"[""http://static1.squarespace.com/static/5b6a27db1137a6a60f852c4c/t/63b33dac07c0541131659f4b/1672691122770/JacquiS-FEB23.jpeg?format=1500w""]",,"{""name"":""Out of the Ordinary — Artists of Rubber City"",""startDate"":""2023-02-24T12:00:00-0500"",""endDate"":""2023-03-18T17:00:00-0400"",""image"":[""http://static1.squarespace.com/static/5b6a27db1137a6a60f852c4c/t/63b33dac07c0541131659f4b/1672691122770/JacquiS-FEB23.jpeg?format=1500w""],""location"":{""name"":"""",""address"":"""",""@context"":""http://schema.org"",""@type"":""Place""},""@context"":""http://schema.org"",""@type"":""Event""}"
2026-10-01T16:03:02Z,artistsofrubbercity.org,100116,art gallery,https://artistsofrubbercity.org/events/2023/2/4/artists-of-rubber-city-juried-exhibition-2023,Event,mapped_seed_site,,Artists of Rubber City ~ Juried Exhibition 2023 — Artists of Rubber City,2023-03-03T19:30:00-0500,2023-06-19T19:00:00-0400,https://artistsofrubbercity.org/events/2023/2/4/artists-of-rubber-city-juried-exhibition-2023,,,,"{""name"":"""",""address"":"""",""@context"":""http://schema.org"",""@type"":""Place""}",,,,"[""http://static1.squarespace.com/static/5b6a27db1137a6a60f852c4c/5d6b1db5e4f17a00018dc1fb/63def70e72df682b10783b66/1677337529685/JuriedShowposter.jpeg?format=1500w""]",,"{""name"":""Artists of Rubber City ~ Juried Exhibition 2023 — Artists of Rubber City"",""startDate"":""2023-03-03T19:30:00-0500"",""endDate"":""2023-06-19T19:00:00-0400"",""image"":[""http://static1.squarespace.com/static/5b6a27db1137a6a60f852c4c/5d6b1db5e4f17a00018dc1fb/63def70e72df682b10783b66/1677337529685/JuriedShowposter.jpeg?format=1500w""],""location"":{""name"":"""",""address"":"""",""@context"":""http://schema.org"",""@type"":""Place""},""@context"":""http://schema.org"",""@type"":""Event""}"
2026-10-01T16:03:02Z,artistsofrubbercity.org,100116,art gallery,https://artistsofrubbercity.org/events/2023/3/28/the-virtuous-woman,Event,mapped_seed_site,,The Virtuous Woman — Artists of Rubber City,2023-04-07T12:00:00-0400,2023-04-29T17:00:00-0400,https://artistsofrubbercity.org/events/2023/3/28/the-virtuous-woman,,,,"{""name"":"""",""address"":"""",""@context"":""http://schema.org"",""@type"":""Place""}",,,,"[""http://static1.squarespace.com/static/5b6a27db1137a6a60f852c4c/5d6b1db5e4f17a00018dc1fb/6423241d85e92e46bb4a5eeb/1681249167517/Stephanie_P31rev.jpg?format=1500w""]",,"{""name"":""The Virtuous Woman — Artists of Rubber City"",""startDate"":""2023-04-07T12:00:00-0400"",""endDate"":""2023-04-29T17:00:00-0400"",""image"":[""http://static1.squarespace.com/static/5b6a27db1137a6a60f852c4c/5d6b1db5e4f17a00018dc1fb/6423241d85e92e46bb4a5eeb/1681249167517/Stephanie_P31rev.jpg?format=1500w""],""location"":{""name"":"""",""address"":"""",""@context"":""http://schema.org"",""@type"":""Place""},""@context"":""http://schema.org"",""@type"":""Event""}"
2026-10-01T16:03:02Z,artistsofrubbercity.org,100116,art gallery,https://artistsofrubbercity.org/events/2023/3/28/gaias-anguish,Event,mapped_seed_site,,Gaia’s Anguish — Artists of Rubber City,2023-05-05T12:00:00-0400,2023-05-27T17:00:00-0400,https://artistsofrubbercity.org/events/2023/3/28/gaias-anguish,,,,"{""name"":"""",""address"":"""",""@context"":""http://schema.org"",""@type"":""Place""}",,,,"[""http://static1.squarespace.com/static/5b6a27db1137a6a60f852c4c/5d6b1db5e4f17a00018dc1fb/642327997b32e15c279ae8ba/1681248686353/LaurelWinters11x17arttalk.jpg?format=1500w""]",,"{""name"":""Gaia’s Anguish — Artists of Rubber City"",""startDate"":""2023-05-05T12:00:00-0400"",""endDate"":""2023-05-27T17:00:00-0400"",""image"":[""http://static1.squarespace.com/static/5b6a27db1137a6a60f852c4c/5d6b1db5e4f17a00018dc1fb/642327997b32e15c279ae8ba/1681248686353/LaurelWinters11x17arttalk.jpg?format=1500w""],""location"":{""name"":"""",""address"":"""",""@context"":""http://schema.org"",""@type"":""Place""},""@context"":""http://schema.org"",""@type"":""Event""}"
2026-10-01T16:03:02Z,artistsofrubbercity.org,100116,art gallery,https://artistsofrubbercity.org/events/2023/5/27/artists-talk-gaias-anguish,Event,mapped_seed_site,,Artist’s Talk: Gaia’s Anguish — Artists of Rubber City,2023-05-27T14:00:00-0400,2023-05-27T15:00:00-0400,https://artistsofrubbercity.org/events/2023/5/27/artists-talk-gaias-anguish,,,,"{""name"":"""",""address"":"""",""@context"":""http://schema.org"",""@type"":""Place""}",,,,"[""http://static1.squarespace.com/static/5b6a27db1137a6a60f852c4c/5d6b1db5e4f17a00018dc1fb/64232a026085ac5e8df5e075/1680026545121/LaurelWinters11x17arttalk.jpg?format=1500w""]",,"{""name"":""Artist’s Talk:  Gaia’s Anguish  — Artists of Rubber City"",""startDate"":""2023-05-27T14:00:00-0400"",""endDate"":""2023-05-27T15:00:00-0400"",""image"":[""http://static1.squarespace.com/static/5b6a27db1137a6a60f852c4c/5d6b1db5e4f17a00018dc1fb/64232a026085ac5e8df5e075/1680026545121/LaurelWinters11x17arttalk.jpg?format=1500w""],""location"":{""name"":"""",""address"":"""",""@context"":""http://schema.org"",""@type"":""Place""},""@context"":""http://schema.org"",""@type"":""Event""}"
2026-10-01T16:03:02Z,artistsofrubbercity.org,100116,art gallery,https://artistsofrubbercity.org/events/2023/6/9/ix3922ycta4345v0dye43qx8joqjdt,Event,mapped_seed_site,,Birds of the Seasons — Artists of Rubber City,2023-06-09T17:00:00-0400,2023-06-30T17:00:00-0400,https://artistsofrubbercity.org/events/2023/6/9/ix3922ycta4345v0dye43qx8joqjdt,,,,"{""name"":"""",""address"":"""",""@context"":""http://schema.org"",""@type"":""Place""}",,,,"[""http://static1.squarespace.com/static/5b6a27db1137a6a60f852c4c/5d6b1db5e4f17a00018dc1fb/645921280ff80b2a430b8ddb/1683563672446/BOS+card+square.jpeg?format=1500w""]",,"{""name"":""Birds of the Seasons — Artists of Rubber City"",""startDate"":""2023-06-09T17:00:00-0400"",""endDate"":""2023-06-30T17:00:00-0400"",""image"":[""http://static1.squarespace.com/static/5b6a27db1137a6a60f852c4c/5d6b1db5e4f17a00018dc1fb/645921280ff80b2a430b8ddb/1683563672446/BOS+card+square.jpeg?format=1500w""],""location"":{""name"":"""",""address"":"""",""@context"":""http://schema.org"",""@type"":""Place""},""@context"":""http://schema.org"",""@type"":""Event""}"
2026-10-01T16:03:02Z,artistsofrubbercity.org,100116,art gallery,https://artistsofrubbercity.org/events/2023/7/7/art-85-years-of-color,Event,mapped_seed_site,,Art - 85 Years of Color — Artists of Rubber City,2023-07-07T17:00:00-0400,2023-07-29T17:00:00-0400,https://artistsofrubbercity.org/events/2023/7/7/art-85-years-of-color,,,,"{""name"":"""",""address"":"""",""@context"":""http://schema.org"",""@type"":""Place""}",,,,"[""http://static1.squarespace.com/static/5b6a27db1137a6a60f852c4c/t/64a73fb642f22e653692bfc1/1688682422654/gwen11x17.jpeg?format=1500w""]",,"{""name"":""Art - 85 Years of Color — Artists of Rubber City"",""startDate"":""2023-07-07T17:00:00-0400"",""endDate"":""2023-07-29T17:00:00-0400"",""image"":[""http://static1.squarespace.com/static/5b6a27db1137a6a60f852c4c/t/64a73fb642f22e653692bfc1/1688682422654/gwen11x17.jpeg?format=1500w""],""location"":{""name"":"""",""address"":"""",""@context"":""http://schema.org"",""@type"":""Place""},""@context"":""http://schema.org"",""@type"":""Event""}"
2026-10-01T16:03:02Z,artistsofrubbercity.org,100116,art gallery,https://artistsofrubbercity.org/events/2023/7/6/n3cnmfofv40euyjq1mbewtm680kp32,Event,mapped_seed_site,,Phantasy — Artists of Rubber City,2023-08-04T17:00:00-0400,2023-08-26T17:00:00-0400,https://artistsofrubbercity.org/events/2023/7/6/n3cnmfofv40euyjq1mbewtm680kp32,,,,"{""name"":"""",""address"":"""",""@context"":""http://schema.org"",""@type"":""Place""}",,,,"[""http://static1.squarespace.com/static/5b6a27db1137a6a60f852c4c/t/64a73fe583a1fd226da2f139/1688682469738/gail11x17.jpeg?format=1500w""]",,"{""name"":""Phantasy — Artists of Rubber City"",""startDate"":""2023-08-04T17:00:00-0400"",""endDate"":""2023-08-26T17:00:00-0400"",""image"":[""http://static1.squarespace.com/static/5b6a27db1137a6a60f852c4c/t/64a73fe583a1fd226da2f139/1688682469738/gail11x17.jpeg?format=1500w""],""location"":{""name"":"""",""address"":"""",""@context"":""http://schema.org"",""@type"":""Place""},""@context"":""http://schema.org"",""@type"":""Event""}"
2026-10-01T16:03:02Z,artistsofrubbercity.org,100116,art gallery,https://artistsofrubbercity.org/events/2023/8/14/v2stq9hoqb5frhs9r8rttlmcwdm9ho,Event,mapped_seed_site,,Creative Opportunity Grant Submission Due by Midnight!!! — Artists of Rubber City,2023-08-14T23:59:00-0400,2023-08-15T00:00:00-0400,https://artistsofrubbercity.org/events/2023/8/14/v2stq9hoqb5frhs9r8rttlmcwdm9ho,,,,"{""name"":"""",""address"":"""",""@context"":""http://schema.org"",""@type"":""Place""}",,,,,,"{""name"":""Creative Opportunity Grant Submission Due by Midnight!!! — Artists of Rubber City"",""startDate"":""2023-08-14T23:59:00-0400"",""endDate"":""2023-08-15T00:00:00-0400"",""location"":{""name"":"""",""address"":"""",""@context"":""http://schema.org"",""@type"":""Place""},""@context"":""http://schema.org"",""@type"":""Event""}"
2026-10-01T16:03:02Z,artistsofrubbercity.org,100116,art gallery,https://artistsofrubbercity.org/events/2023/7/6/6kz1bpyte35t7r7pg6rfy81fpmlvgo,Event,mapped_seed_site,,Magic From the Mundane — Artists of Rubber City,2023-09-01T17:00:00-0400,2023-09-16T17:00:00-0400,https://artistsofrubbercity.org/events/2023/7/6/6kz1bpyte35t7r7pg6rfy81fpmlvgo,,,,"{""name"":"""",""address"":"""",""@context"":""http://schema.org"",""@type"":""Place""}",,,,"[""http://static1.squarespace.com/static/5b6a27db1137a6a60f852c4c/t/64a7404f24f039443814a360/1688682575605/LuanneBoleBecker11x17rev2.jpeg?format=1500w""]",,"{""name"":""Magic From the Mundane — Artists of Rubber City"",""startDate"":""2023-09-01T17:00:00-0400"",""endDate"":""2023-09-16T17:00:00-0400"",""image"":[""http://static1.squarespace.com/static/5b6a27db1137a6a60f852c4c/t/64a7404f24f039443814a360/1688682575605/LuanneBoleBecker11x17rev2.jpeg?format=1500w""],""location"":{""name"":"""",""address"":"""",""@context"":""http://schema.org"",""@type"":""Place""},""@context"":""http://schema.org"",""@type"":""Event""}"
2026-10-01T16:03:02Z,artistsofrubbercity.org,100116,art gallery,https://artistsofrubbercity.org/events/2023/10/6/z6j24mngf022wxl1v42u5uocuodyn1,Event,mapped_seed_site,,Water Intervals — Artists of Rubber City,2023-10-06T17:00:00-0400,2023-10-28T17:00:00-0400,https://artistsofrubbercity.org/events/2023/10/6/z6j24mngf022wxl1v42u5uocuodyn1,,,,"{""name"":"""",""address"":"""",""@context"":""http://schema.org"",""@type"":""Place""}",,,,"[""http://static1.squarespace.com/static/5b6a27db1137a6a60f852c4c/t/65197b1f347fdd6d72ad1907/1696168735492/shirleyende-saxe-Oct.png?format=1500w""]",,"{""name"":""Water Intervals — Artists of Rubber City"",""startDate"":""2023-10-06T17:00:00-0400"",""endDate"":""2023-10-28T17:00:00-0400"",""image"":[""http://static1.squarespace.com/static/5b6a27db1137a6a60f852c4c/t/65197b1f347fdd6d72ad1907/1696168735492/shirleyende-saxe-Oct.png?format=1500w""],""location"":{""name"":"""",""address"":"""",""@context"":""http://schema.org"",""@type"":""Place""},""@context"":""http://schema.org"",""@type"":""Event""}"
2026-10-01T16:03:02Z,artistsofrubbercity.org,100116,art gallery,https://artistsofrubbercity.org/events/2023/10/30/third-annual-smallish-works-show,Event,mapped_seed_site,,Third Annual Small(ish) Works Show — Artists of Rubber City,2023-11-16T12:00:00-0500,2023-12-16T17:00:00-0500,https://artistsofrubbercity.org/events/2023/10/30/third-annual-smallish-works-show,,,,"{""name"":"""",""address"":"""",""@context"":""http://schema.org"",""@type"":""Place""}",,,,"[""http://static1.squarespace.com/static/5b6a27db1137a6a60f852c4c/5d6b1db5e4f17a00018dc1fb/653fe26b6997b464e5bb27fc/1698686039341/2023Smallworksshow11x17+.jpeg?format=1500w""]",,"{""name"":""Third Annual Small(ish) Works Show — Artists of Rubber City"",""startDate"":""2023-11-16T12:00:00-0500"",""endDate"":""2023-12-16T17:00:00-0500"",""image"":[""http://static1.squarespace.com/static/5b6a27db1137a6a60f852c4c/5d6b1db5e4f17a00018dc1fb/653fe26b6997b464e5bb27fc/1698686039341/2023Smallworksshow11x17+.jpeg?format=1500w""],""location"":{""name"":"""",""address"":"""",""@context"":""http://schema.org"",""@type"":""Place""},""@context"":""http://schema.org"",""@type"":""Event""}"
2026-10-01T16:03:02Z,artistsofrubbercity.org,100116,art gallery,https://artistsofrubbercity.org/events/2024/1/12/anything-everything-all-at-once,Event,mapped_seed_site,,"Anything, Everything, All at Once — Artists of Rubber City",2024-01-12T17:00:00-0500,2024-02-16T17:00:00-0500,https://artistsofrubbercity.org/events/2024/1/12/anything-everything-all-at-once,,,,"{""name"":""The Box Gallery, Summit Artspace 3rd Fl. "",""address"":""140 East Market Street\nAkron, OH, 44308\nUnited States"",""@context"":""http://schema.org"",""@type"":""Place""}",,,,"[""http://static1.squarespace.com/static/5b6a27db1137a6a60f852c4c/5d6b1db5e4f17a00018dc1fb/65861640000e266ad0c97b9b/1703286773114/sharonwagner2024jpg.jpg?format=1500w""]",,"{""name"":""Anything, Everything, All at Once — Artists of Rubber City"",""startDate"":""2024-01-12T17:00:00-0500"",""endDate"":""2024-02-16T17:00:00-0500"",""image"":[""http://static1.squarespace.com/static/5b6a27db1137a6a60f852c4c/5d6b1db5e4f17a00018dc1fb/65861640000e266ad0c97b9b/1703286773114/sharonwagner2024jpg.jpg?format=1500w""],""location"":{""name"":""The Box Gallery, Summit Artspace 3rd Fl. "",""address"":""140 East Market Street\nAkron, OH, 44308\nUnited States"",""@context"":""http://schema.org"",""@type"":""Place""},""@context"":""http://schema.org"",""@type"":""Event""}"
2026-10-01T16:03:02Z,artistsofrubbercity.org,100116,art gallery,https://artistsofrubbercity.org/events/2024/2/23/fun-n-games,Event,mapped_seed_site,,Fun N' Games — Artists of Rubber City,2024-02-23T17:00:00-0500,2024-03-16T17:00:00-0400,https://artistsofrubbercity.org/events/2024/2/23/fun-n-games,,,,"{""name"":"""",""address"":"""",""@context"":""http://schema.org"",""@type"":""Place""}",,,,"[""http://static1.squarespace.com/static/5b6a27db1137a6a60f852c4c/t/65d8c5b140d2bd6755e09649/1708705201934/NormanMallard.jpeg?format=1500w""]",,"{""name"":""Fun N' Games — Artists of Rubber City"",""startDate"":""2024-02-23T17:00:00-0500"",""endDate"":""2024-03-16T17:00:00-0400"",""image"":[""http://static1.squarespace.com/static/5b6a27db1137a6a60f852c4c/t/65d8c5b140d2bd6755e09649/1708705201934/NormanMallard.jpeg?format=1500w""],""location"":{""name"":"""",""address"":"""",""@context"":""http://schema.org"",""@type"":""Place""},""@context"":""http://schema.org"",""@type"":""Event""}"
2026-10-01T16:03:02Z,yepaw.org,100116,4bf58dd8d48988d1e5931735|music venue,https://www.yepaw.org/fully-excellent/event-one-fr3t8,Event,mapped_seed_site,,"Chipotle, Community &amp; Conversation (18+ Virtually) — YEPAW",2025-10-01T18:00:00-0400,2025-11-19T18:00:00-0500,https://www.yepaw.org/fully-excellent/event-one-fr3t8,,,,"{""name"":"""",""address"":"""",""@context"":""http://schema.org"",""@type"":""Place""}",,,,"[""http://static1.squarespace.com/static/5e29e92ec1e086597e35574d/68bddb5008251c3dc8a9a4d6/68bddb5008251c3dc8a9a4db/1757273653472/Kim%27s+Book+Club+%28YouTube+Thumbnail%29.png?format=1500w""]",,"{""name"":""Chipotle, Community &amp; Conversation (18+ Virtually) — YEPAW"",""startDate"":""2025-10-01T18:00:00-0400"",""endDate"":""2025-11-19T18:00:00-0500"",""image"":[""http://static1.squarespace.com/static/5e29e92ec1e086597e35574d/68bddb5008251c3dc8a9a4d6/68bddb5008251c3dc8a9a4db/1757273653472/Kim%27s+Book+Club+%28YouTube+Thumbnail%29.png?format=1500w""],""location"":{""name"":"""",""address"":"""",""@context"":""http://schema.org"",""@type"":""Place""},""@context"":""http://schema.org"",""@type"":""Event""}"
2026-10-01T16:03:02Z,yepaw.org,100116,4bf58dd8d48988d1e5931735|music venue,https://www.yepaw.org/fully-excellent/event-two-7grm2,Event,mapped_seed_site,,Event Two — YEPAW,2026-01-02T12:00:00-0500,2026-01-02T13:00:00-0500,https://www.yepaw.org/fully-excellent/event-two-7grm2,,,,"{""name"":"""",""address"":"""",""@context"":""http://schema.org"",""@type"":""Place""}",,,,"[""http://static1.squarespace.com/static/5e29e92ec1e086597e35574d/68bddb5008251c3dc8a9a4d6/68bddb5008251c3dc8a9a4df/1734391446176/20140301_Trade-151_0124-copy.jpg?format=1500w""]",,"{""name"":""Event Two — YEPAW"",""startDate"":""2026-01-02T12:00:00-0500"",""endDate"":""2026-01-02T13:00:00-0500"",""image"":[""http://static1.squarespace.com/static/5e29e92ec1e086597e35574d/68bddb5008251c3dc8a9a4d6/68bddb5008251c3dc8a9a4df/1734391446176/20140301_Trade-151_0124-copy.jpg?format=1500w""],""location"":{""name"":"""",""address"":"""",""@context"":""http://schema.org"",""@type"":""Place""},""@context"":""http://schema.org"",""@type"":""Event""}"
2026-10-01T16:03:02Z,yepaw.org,100116,4bf58dd8d48988d1e5931735|music venue,https://www.yepaw.org/fully-excellent/event-three-efs32,Event,mapped_seed_site,,Event Three — YEPAW,2026-01-03T12:00:00-0500,2026-01-03T13:00:00-0500,https://www.yepaw.org/fully-excellent/event-three-efs32,,,,"{""name"":"""",""address"":"""",""@context"":""http://schema.org"",""@type"":""Place""}",,,,"[""http://static1.squarespace.com/static/5e29e92ec1e086597e35574d/68bddb5008251c3dc8a9a4d6/68bddb5008251c3dc8a9a4dd/1734391473766/20140301_Trade-151_0124-copy.jpg?format=1500w""]",,"{""name"":""Event Three — YEPAW"",""startDate"":""2026-01-03T12:00:00-0500"",""endDate"":""2026-01-03T13:00:00-0500"",""image"":[""http://static1.squarespace.com/static/5e29e92ec1e086597e35574d/68bddb5008251c3dc8a9a4d6/68bddb5008251c3dc8a9a4dd/1734391473766/20140301_Trade-151_0124-copy.jpg?format=1500w""],""location"":{""name"":"""",""address"":"""",""@context"":""http://schema.org"",""@type"":""Place""},""@context"":""http://schema.org"",""@type"":""Event""}"
2026-10-01T16:03:02Z,yepaw.org,100116,4bf58dd8d48988d1e5931735|music venue,https://www.yepaw.org/fully-excellent/event-four-lys52,Event,mapped_seed_site,,Event Four — YEPAW,2026-01-04T12:00:00-0500,2026-01-04T13:00:00-0500,https://www.yepaw.org/fully-excellent/event-four-lys52,,,,"{""name"":"""",""address"":"""",""@context"":""http://schema.org"",""@type"":""Place""}",,,,"[""http://static1.squarespace.com/static/5e29e92ec1e086597e35574d/68bddb5008251c3dc8a9a4d6/68bddb5008251c3dc8a9a4d9/1734391498377/20140301_Trade-151_0124-copy.jpg?format=1500w""]",,"{""name"":""Event Four — YEPAW"",""startDate"":""2026-01-04T12:00:00-0500"",""endDate"":""2026-01-04T13:00:00-0500"",""image"":[""http://static1.squarespace.com/static/5e29e92ec1e086597e35574d/68bddb5008251c3dc8a9a4d6/68bddb5008251c3dc8a9a4d9/1734391498377/20140301_Trade-151_0124-copy.jpg?format=1500w""],""location"":{""name"":"""",""address"":"""",""@context"":""http://schema.org"",""@type"":""Place""},""@context"":""http://schema.org"",""@type"":""Event""}"
2026-10-01T16:03:02Z,yepaw.org,100116,4bf58dd8d48988d1e5931735|music venue,https://www.yepaw.org/fully-excellent/event-five-a7ay8,Event,mapped_seed_site,,Event Five — YEPAW,2026-01-05T12:00:00-0500,2026-01-05T13:00:00-0500,https://www.yepaw.org/fully-excellent/event-five-a7ay8,,,,"{""name"":"""",""address"":"""",""@context"":""http://schema.org"",""@type"":""Place""}",,,,"[""http://static1.squarespace.com/static/5e29e92ec1e086597e35574d/68bddb5008251c3dc8a9a4d6/68bddb5008251c3dc8a9a4d7/1734391514102/20140301_Trade-151_0124-copy.jpg?format=1500w""]",,"{""name"":""Event Five — YEPAW"",""startDate"":""2026-01-05T12:00:00-0500"",""endDate"":""2026-01-05T13:00:00-0500"",""image"":[""http://static1.squarespace.com/static/5e29e92ec1e086597e35574d/68bddb5008251c3dc8a9a4d6/68bddb5008251c3dc8a9a4d7/1734391514102/20140301_Trade-151_0124-copy.jpg?format=1500w""],""location"":{""name"":"""",""address"":"""",""@context"":""http://schema.org"",""@type"":""Place""},""@context"":""http://schema.org"",""@type"":""Event""}"
2026-10-01T16:03:02Z,livenation.com,100039|100071|100074|100109|100118,4bf58dd8d48988d1e5931735|amphitheater|concert hall|music venue|rock club,https://www.livenation.com/artist/K8vZ9175ykf/little-big-town-events,MusicEvent,mapped_exact,0.000,Little Big Town - For The Art Of It Tour,2026-11-12T19:30:00-05:00,,https://www.livenation.com/event/vvG1fZ_GhPcKp3/little-big-town-for-the-art-of-it-tour,https://schema.org/EventScheduled,https://schema.org/OfflineEventAttendanceMode,"Little Big Town - For The Art Of It Tour Thursday, November 12, 2026 at 7:30 PM EST Akron Civic Theatre, Akron, OH","{""@type"":""Place"",""address"":{""@type"":""PostalAddress"",""addressCountry"":{""@type"":""Country"",""name"":""US""},""addressLocality"":""Akron"",""addressRegion"":""OH"",""postalCode"":""44308"",""streetAddress"":""182 South Main Street""},""name"":""Akron Civic Theatre"",""sameAs"":""https://www.livenation.com/venue/KovZpZAFdE1A/akron-civic-theatre-events""}",,,,"""https://s1.ticketm.net/dam/a/db1/0f94accd-382f-4642-9371-d7379f786db1_TABLET_LANDSCAPE_LARGE_16_9.jpg""",,"{""@context"":""https://schema.org"",""@type"":""MusicEvent"",""description"":""Little Big Town - For The Art Of It Tour Thursday, November 12, 2026 at 7:30 PM EST Akron Civic Theatre, Akron, OH"",""eventAttendanceMode"":""https://schema.org/OfflineEventAttendanceMode"",""eventStatus"":""https://schema.org/EventScheduled"",""image"":""https://s1.ticketm.net/dam/a/db1/0f94accd-382f-4642-9371-d7379f786db1_TABLET_LANDSCAPE_LARGE_16_9.jpg"",""location"":{""@type"":""Place"",""address"":{""@type"":""PostalAddress"",""addressCountry"":{""@type"":""Country"",""name"":""US""},""addressLocality"":""Akron"",""addressRegion"":""OH"",""postalCode"":""44308"",""streetAddress"":""182 South Main Street""},""name"":""Akron Civic Theatre"",""sameAs"":""https://www.livenation.com/venue/KovZpZAFdE1A/akron-civic-theatre-events""},""name"":""Little Big Town - For The Art Of It Tour"",""performers"":[{""@type"":""MusicGroup"",""name"":""Little Big Town"",""sameAs"":""https://www.livenation.com/artist/K8vZ9175ykf/little-big-town-events""},{""@type"":""MusicGroup"",""name"":""Mae Estes"",""sameAs"":""https://www.livenation.com/artist/K8vZ917hzT7/mae-estes-events""}],""startDate"":""2026-11-12T19:30:00-05:00"",""url"":""https://www.livenation.com/event/vvG1fZ_GhPcKp3/little-big-town-for-the-art-of-it-tour""}"
2026-10-01T16:03:02Z,ticketmaster.com,100070,4bf58dd8d48988d1e5931735|music venue,https://www.ticketmaster.com/a-christmas-carol-tickets/artist/803392,TheaterEvent,mapped_radius,39.676,A Christmas Carol,2026-11-18T19:00:00,2026-11-18,https://www.ticketmaster.com/event/Z7r9jZ1AAZyfk,https://schema.org/EventScheduled,https://schema.org/OfflineEventAttendanceMode,"A Christmas Carol | Wednesday, Nov 18, 2026, 7:00 PM | Ohio Star Theater, Sugarcreek","{""@type"":""Place"",""name"":""Ohio Star Theater"",""sameAs"":""https://www.ticketmaster.com/"",""address"":{""@type"":""PostalAddress"",""streetAddress"":""1387 Old State Rt 39 NE"",""addressLocality"":""Sugarcreek"",""addressRegion"":""OH"",""postalCode"":""44681"",""addressCountry"":""US""},""geo"":{""@type"":""GeoCoordinates"",""latitude"":40.517799,""longitude"":-81.672997}}","{""@type"":""Offer"",""availability"":""http://schema.org/InStock"",""description"":""A Christmas Carol | Wednesday, Nov 18, 2026, 7:00 PM | Ohio Star Theater, Sugarcreek"",""url"":""https://www.ticketmaster.com/event/Z7r9jZ1AAZyfk"",""validFrom"":""1900-01-01T13:00:00"",""availabilityStarts"":""1900-01-01T13:00:00""}",,"[{""@type"":""TheaterGroup"",""name"":""A Christmas Carol"",""sameAs"":""https://www.ticketmaster.com/a-christmas-carol-tickets/artist/803392""}]","""https://s1.ticketm.net/dam/a/ad0/9e298f24-e4c3-4bdf-9cd1-b2cf1058dad0_1364211_RETINA_PORTRAIT_3_2.jpg""",,"{""@context"":""http://schema.org"",""@type"":""TheaterEvent"",""url"":""https://www.ticketmaster.com/event/Z7r9jZ1AAZyfk"",""name"":""A Christmas Carol"",""description"":""A Christmas Carol | Wednesday, Nov 18, 2026, 7:00 PM | Ohio Star Theater, Sugarcreek"",""image"":""https://s1.ticketm.net/dam/a/ad0/9e298f24-e4c3-4bdf-9cd1-b2cf1058dad0_1364211_RETINA_PORTRAIT_3_2.jpg"",""startDate"":""2026-11-18T19:00:00"",""endDate"":""2026-11-18"",""eventStatus"":""https://schema.org/EventScheduled"",""eventAttendanceMode"":""https://schema.org/OfflineEventAttendanceMode"",""location"":{""@type"":""Place"",""name"":""Ohio Star Theater"",""sameAs"":""https://www.ticketmaster.com/"",""address"":{""@type"":""PostalAddress"",""streetAddress"":""1387 Old State Rt 39 NE"",""addressLocality"":""Sugarcreek"",""addressRegion"":""OH"",""postalCode"":""44681"",""addressCountry"":""US""},""geo"":{""@type"":""GeoCoordinates"",""latitude"":40.517799,""longitude"":-81.672997}},""offers"":{""@type"":""Offer"",""availability"":""http://schema.org/InStock"",""description"":""A Christmas Carol | Wednesday, Nov 18, 2026, 7:00 PM | Ohio Star Theater, Sugarcreek"",""url"":""https://www.ticketmaster.com/event/Z7r9jZ1AAZyfk"",""validFrom"":""1900-01-01T13:00:00"",""availabilityStarts"":""1900-01-01T13:00:00""},""workPerformed"":{""@type"":""CreativeWork"",""name"":""A Christmas Carol""},""performer"":[{""@type"":""TheaterGroup"",""name"":""A Christmas Carol"",""sameAs"":""https://www.ticketmaster.com/a-christmas-carol-tickets/artist/803392""}]}"
2026-10-01T16:03:02Z,ticketmaster.com,100070,4bf58dd8d48988d1e5931735|music venue,https://www.ticketmaster.com/a-christmas-carol-tickets/artist/803392,TheaterEvent,mapped_radius,39.676,A Christmas Carol,2026-11-19T13:00:00,2026-11-19,https://www.ticketmaster.com/event/Z7r9jZ1AAZyf6,https://schema.org/EventScheduled,https://schema.org/OfflineEventAttendanceMode,"A Christmas Carol | Thursday, Nov 19, 2026, 1:00 PM | Ohio Star Theater, Sugarcreek","{""@type"":""Place"",""name"":""Ohio Star Theater"",""sameAs"":""https://www.ticketmaster.com/"",""address"":{""@type"":""PostalAddress"",""streetAddress"":""1387 Old State Rt 39 NE"",""addressLocality"":""Sugarcreek"",""addressRegion"":""OH"",""postalCode"":""44681"",""addressCountry"":""US""},""geo"":{""@type"":""GeoCoordinates"",""latitude"":40.517799,""longitude"":-81.672997}}","{""@type"":""Offer"",""availability"":""http://schema.org/InStock"",""description"":""A Christmas Carol | Thursday, Nov 19, 2026, 1:00 PM | Ohio Star Theater, Sugarcreek"",""url"":""https://www.ticketmaster.com/event/Z7r9jZ1AAZyf6"",""validFrom"":""1900-01-01T13:00:00"",""availabilityStarts"":""1900-01-01T13:00:00""}",,"[{""@type"":""TheaterGroup"",""name"":""A Christmas Carol"",""sameAs"":""https://www.ticketmaster.com/a-christmas-carol-tickets/artist/803392""}]","""https://s1.ticketm.net/dam/a/ad0/9e298f24-e4c3-4bdf-9cd1-b2cf1058dad0_1364211_RETINA_PORTRAIT_3_2.jpg""",,"{""@context"":""http://schema.org"",""@type"":""TheaterEvent"",""url"":""https://www.ticketmaster.com/event/Z7r9jZ1AAZyf6"",""name"":""A Christmas Carol"",""description"":""A Christmas Carol | Thursday, Nov 19, 2026, 1:00 PM | Ohio Star Theater, Sugarcreek"",""image"":""https://s1.ticketm.net/dam/a/ad0/9e298f24-e4c3-4bdf-9cd1-b2cf1058dad0_1364211_RETINA_PORTRAIT_3_2.jpg"",""startDate"":""2026-11-19T13:00:00"",""endDate"":""2026-11-19"",""eventStatus"":""https://schema.org/EventScheduled"",""eventAttendanceMode"":""https://schema.org/OfflineEventAttendanceMode"",""location"":{""@type"":""Place"",""name"":""Ohio Star Theater"",""sameAs"":""https://www.ticketmaster.com/"",""address"":{""@type"":""PostalAddress"",""streetAddress"":""1387 Old State Rt 39 NE"",""addressLocality"":""Sugarcreek"",""addressRegion"":""OH"",""postalCode"":""44681"",""addressCountry"":""US""},""geo"":{""@type"":""GeoCoordinates"",""latitude"":40.517799,""longitude"":-81.672997}},""offers"":{""@type"":""Offer"",""availability"":""http://schema.org/InStock"",""description"":""A Christmas Carol | Thursday, Nov 19, 2026, 1:00 PM | Ohio Star Theater, Sugarcreek"",""url"":""https://www.ticketmaster.com/event/Z7r9jZ1AAZyf6"",""validFrom"":""1900-01-01T13:00:00"",""availabilityStarts"":""1900-01-01T13:00:00""},""workPerformed"":{""@type"":""CreativeWork"",""name"":""A Christmas Carol""},""performer"":[{""@type"":""TheaterGroup"",""name"":""A Christmas Carol"",""sameAs"":""https://www.ticketmaster.com/a-christmas-carol-tickets/artist/803392""}]}"
2026-10-01T16:03:02Z,ticketmaster.com,100070,4bf58dd8d48988d1e5931735|music venue,https://www.ticketmaster.com/a-christmas-carol-tickets/artist/803392,TheaterEvent,mapped_radius,39.676,A Christmas Carol,2026-11-19T19:00:00,2026-11-19,https://www.ticketmaster.com/event/Z7r9jZ1AAZyfF,https://schema.org/EventScheduled,https://schema.org/OfflineEventAttendanceMode,"A Christmas Carol | Thursday, Nov 19, 2026, 7:00 PM | Ohio Star Theater, Sugarcreek","{""@type"":""Place"",""name"":""Ohio Star Theater"",""sameAs"":""https://www.ticketmaster.com/"",""address"":{""@type"":""PostalAddress"",""streetAddress"":""1387 Old State Rt 39 NE"",""addressLocality"":""Sugarcreek"",""addressRegion"":""OH"",""postalCode"":""44681"",""addressCountry"":""US""},""geo"":{""@type"":""GeoCoordinates"",""latitude"":40.517799,""longitude"":-81.672997}}","{""@type"":""Offer"",""availability"":""http://schema.org/InStock"",""description"":""A Christmas Carol | Thursday, Nov 19, 2026, 7:00 PM | Ohio Star Theater, Sugarcreek"",""url"":""https://www.ticketmaster.com/event/Z7r9jZ1AAZyfF"",""validFrom"":""1900-01-01T13:00:00"",""availabilityStarts"":""1900-01-01T13:00:00""}",,"[{""@type"":""TheaterGroup"",""name"":""A Christmas Carol"",""sameAs"":""https://www.ticketmaster.com/a-christmas-carol-tickets/artist/803392""}]","""https://s1.ticketm.net/dam/a/ad0/9e298f24-e4c3-4bdf-9cd1-b2cf1058dad0_1364211_RETINA_PORTRAIT_3_2.jpg""",,"{""@context"":""http://schema.org"",""@type"":""TheaterEvent"",""url"":""https://www.ticketmaster.com/event/Z7r9jZ1AAZyfF"",""name"":""A Christmas Carol"",""description"":""A Christmas Carol | Thursday, Nov 19, 2026, 7:00 PM | Ohio Star Theater, Sugarcreek"",""image"":""https://s1.ticketm.net/dam/a/ad0/9e298f24-e4c3-4bdf-9cd1-b2cf1058dad0_1364211_RETINA_PORTRAIT_3_2.jpg"",""startDate"":""2026-11-19T19:00:00"",""endDate"":""2026-11-19"",""eventStatus"":""https://schema.org/EventScheduled"",""eventAttendanceMode"":""https://schema.org/OfflineEventAttendanceMode"",""location"":{""@type"":""Place"",""name"":""Ohio Star Theater"",""sameAs"":""https://www.ticketmaster.com/"",""address"":{""@type"":""PostalAddress"",""streetAddress"":""1387 Old State Rt 39 NE"",""addressLocality"":""Sugarcreek"",""addressRegion"":""OH"",""postalCode"":""44681"",""addressCountry"":""US""},""geo"":{""@type"":""GeoCoordinates"",""latitude"":40.517799,""longitude"":-81.672997}},""offers"":{""@type"":""Offer"",""availability"":""http://schema.org/InStock"",""description"":""A Christmas Carol | Thursday, Nov 19, 2026, 7:00 PM | Ohio Star Theater, Sugarcreek"",""url"":""https://www.ticketmaster.com/event/Z7r9jZ1AAZyfF"",""validFrom"":""1900-01-01T13:00:00"",""availabilityStarts"":""1900-01-01T13:00:00""},""workPerformed"":{""@type"":""CreativeWork"",""name"":""A Christmas Carol""},""performer"":[{""@type"":""TheaterGroup"",""name"":""A Christmas Carol"",""sameAs"":""https://www.ticketmaster.com/a-christmas-carol-tickets/artist/803392""}]}"
2026-10-01T16:03:02Z,ticketmaster.com,100070,4bf58dd8d48988d1e5931735|music venue,https://www.ticketmaster.com/a-christmas-carol-tickets/artist/803392,TheaterEvent,mapped_radius,39.676,A Christmas Carol,2026-11-20T19:00:00,2026-11-20,https://www.ticketmaster.com/event/Z7r9jZ1AAZyfa,https://schema.org/EventScheduled,https://schema.org/OfflineEventAttendanceMode,"A Christmas Carol | Friday, Nov 20, 2026, 7:00 PM | Ohio Star Theater, Sugarcreek","{""@type"":""Place"",""name"":""Ohio Star Theater"",""sameAs"":""https://www.ticketmaster.com/"",""address"":{""@type"":""PostalAddress"",""streetAddress"":""1387 Old State Rt 39 NE"",""addressLocality"":""Sugarcreek"",""addressRegion"":""OH"",""postalCode"":""44681"",""addressCountry"":""US""},""geo"":{""@type"":""GeoCoordinates"",""latitude"":40.517799,""longitude"":-81.672997}}","{""@type"":""Offer"",""availability"":""http://schema.org/InStock"",""description"":""A Christmas Carol | Friday, Nov 20, 2026, 7:00 PM | Ohio Star Theater, Sugarcreek"",""url"":""https://www.ticketmaster.com/event/Z7r9jZ1AAZyfa"",""validFrom"":""1900-01-01T13:00:00"",""availabilityStarts"":""1900-01-01T13:00:00""}",,"[{""@type"":""TheaterGroup"",""name"":""A Christmas Carol"",""sameAs"":""https://www.ticketmaster.com/a-christmas-carol-tickets/artist/803392""}]","""https://s1.ticketm.net/dam/a/ad0/9e298f24-e4c3-4bdf-9cd1-b2cf1058dad0_1364211_RETINA_PORTRAIT_3_2.jpg""",,"{""@context"":""http://schema.org"",""@type"":""TheaterEvent"",""url"":""https://www.ticketmaster.com/event/Z7r9jZ1AAZyfa"",""name"":""A Christmas Carol"",""description"":""A Christmas Carol | Friday, Nov 20, 2026, 7:00 PM | Ohio Star Theater, Sugarcreek"",""image"":""https://s1.ticketm.net/dam/a/ad0/9e298f24-e4c3-4bdf-9cd1-b2cf1058dad0_1364211_RETINA_PORTRAIT_3_2.jpg"",""startDate"":""2026-11-20T19:00:00"",""endDate"":""2026-11-20"",""eventStatus"":""https://schema.org/EventScheduled"",""eventAttendanceMode"":""https://schema.org/OfflineEventAttendanceMode"",""location"":{""@type"":""Place"",""name"":""Ohio Star Theater"",""sameAs"":""https://www.ticketmaster.com/"",""address"":{""@type"":""PostalAddress"",""streetAddress"":""1387 Old State Rt 39 NE"",""addressLocality"":""Sugarcreek"",""addressRegion"":""OH"",""postalCode"":""44681"",""addressCountry"":""US""},""geo"":{""@type"":""GeoCoordinates"",""latitude"":40.517799,""longitude"":-81.672997}},""offers"":{""@type"":""Offer"",""availability"":""http://schema.org/InStock"",""description"":""A Christmas Carol | Friday, Nov 20, 2026, 7:00 PM | Ohio Star Theater, Sugarcreek"",""url"":""https://www.ticketmaster.com/event/Z7r9jZ1AAZyfa"",""validFrom"":""1900-01-01T13:00:00"",""availabilityStarts"":""1900-01-01T13:00:00""},""workPerformed"":{""@type"":""CreativeWork"",""name"":""A Christmas Carol""},""performer"":[{""@type"":""TheaterGroup"",""name"":""A Christmas Carol"",""sameAs"":""https://www.ticketmaster.com/a-christmas-carol-tickets/artist/803392""}]}"
2026-10-01T16:03:02Z,ticketmaster.com,100070,4bf58dd8d48988d1e5931735|music venue,https://www.ticketmaster.com/a-christmas-carol-tickets/artist/803392,TheaterEvent,mapped_radius,39.676,A Christmas Carol,2026-11-21T13:00:00,2026-11-21,https://www.ticketmaster.com/event/Z7r9jZ1A7PFk4,https://schema.org/EventScheduled,https://schema.org/OfflineEventAttendanceMode,"A Christmas Carol | Saturday, Nov 21, 2026, 1:00 PM | Ohio Star Theater, Sugarcreek","{""@type"":""Place"",""name"":""Ohio Star Theater"",""sameAs"":""https://www.ticketmaster.com/"",""address"":{""@type"":""PostalAddress"",""streetAddress"":""1387 Old State Rt 39 NE"",""addressLocality"":""Sugarcreek"",""addressRegion"":""OH"",""postalCode"":""44681"",""addressCountry"":""US""},""geo"":{""@type"":""GeoCoordinates"",""latitude"":40.517799,""longitude"":-81.672997}}","{""@type"":""Offer"",""availability"":""http://schema.org/InStock"",""description"":""A Christmas Carol | Saturday, Nov 21, 2026, 1:00 PM | Ohio Star Theater, Sugarcreek"",""url"":""https://www.ticketmaster.com/event/Z7r9jZ1A7PFk4"",""validFrom"":""1900-01-01T01:00:00"",""availabilityStarts"":""1900-01-01T01:00:00""}",,"[{""@type"":""TheaterGroup"",""name"":""A Christmas Carol"",""sameAs"":""https://www.ticketmaster.com/a-christmas-carol-tickets/artist/803392""}]","""https://s1.ticketm.net/dam/a/ad0/9e298f24-e4c3-4bdf-9cd1-b2cf1058dad0_1364211_RETINA_PORTRAIT_3_2.jpg""",,"{""@context"":""http://schema.org"",""@type"":""TheaterEvent"",""url"":""https://www.ticketmaster.com/event/Z7r9jZ1A7PFk4"",""name"":""A Christmas Carol"",""description"":""A Christmas Carol | Saturday, Nov 21, 2026, 1:00 PM | Ohio Star Theater, Sugarcreek"",""image"":""https://s1.ticketm.net/dam/a/ad0/9e298f24-e4c3-4bdf-9cd1-b2cf1058dad0_1364211_RETINA_PORTRAIT_3_2.jpg"",""startDate"":""2026-11-21T13:00:00"",""endDate"":""2026-11-21"",""eventStatus"":""https://schema.org/EventScheduled"",""eventAttendanceMode"":""https://schema.org/OfflineEventAttendanceMode"",""location"":{""@type"":""Place"",""name"":""Ohio Star Theater"",""sameAs"":""https://www.ticketmaster.com/"",""address"":{""@type"":""PostalAddress"",""streetAddress"":""1387 Old State Rt 39 NE"",""addressLocality"":""Sugarcreek"",""addressRegion"":""OH"",""postalCode"":""44681"",""addressCountry"":""US""},""geo"":{""@type"":""GeoCoordinates"",""latitude"":40.517799,""longitude"":-81.672997}},""offers"":{""@type"":""Offer"",""availability"":""http://schema.org/InStock"",""description"":""A Christmas Carol | Saturday, Nov 21, 2026, 1:00 PM | Ohio Star Theater, Sugarcreek"",""url"":""https://www.ticketmaster.com/event/Z7r9jZ1A7PFk4"",""validFrom"":""1900-01-01T01:00:00"",""availabilityStarts"":""1900-01-01T01:00:00""},""workPerformed"":{""@type"":""CreativeWork"",""name"":""A Christmas Carol""},""performer"":[{""@type"":""TheaterGroup"",""name"":""A Christmas Carol"",""sameAs"":""https://www.ticketmaster.com/a-christmas-carol-tickets/artist/803392""}]}"
2026-10-01T16:03:02Z,ticketmaster.com,100070,4bf58dd8d48988d1e5931735|music venue,https://www.ticketmaster.com/a-christmas-carol-tickets/artist/803392,TheaterEvent,mapped_radius,39.676,A Christmas Carol,2026-11-21T19:00:00,2026-11-21,https://www.ticketmaster.com/event/Z7r9jZ1A7PFk9,https://schema.org/EventScheduled,https://schema.org/OfflineEventAttendanceMode,"A Christmas Carol | Saturday, Nov 21, 2026, 7:00 PM | Ohio Star Theater, Sugarcreek","{""@type"":""Place"",""name"":""Ohio Star Theater"",""sameAs"":""https://www.ticketmaster.com/"",""address"":{""@type"":""PostalAddress"",""streetAddress"":""1387 Old State Rt 39 NE"",""addressLocality"":""Sugarcreek"",""addressRegion"":""OH"",""postalCode"":""44681"",""addressCountry"":""US""},""geo"":{""@type"":""GeoCoordinates"",""latitude"":40.517799,""longitude"":-81.672997}}","{""@type"":""Offer"",""availability"":""http://schema.org/InStock"",""description"":""A Christmas Carol | Saturday, Nov 21, 2026, 7:00 PM | Ohio Star Theater, Sugarcreek"",""url"":""https://www.ticketmaster.com/event/Z7r9jZ1A7PFk9"",""validFrom"":""1900-01-01T01:00:00"",""availabilityStarts"":""1900-01-01T01:00:00""}",,"[{""@type"":""TheaterGroup"",""name"":""A Christmas Carol"",""sameAs"":""https://www.ticketmaster.com/a-christmas-carol-tickets/artist/803392""}]","""https://s1.ticketm.net/dam/a/ad0/9e298f24-e4c3-4bdf-9cd1-b2cf1058dad0_1364211_RETINA_PORTRAIT_3_2.jpg""",,"{""@context"":""http://schema.org"",""@type"":""TheaterEvent"",""url"":""https://www.ticketmaster.com/event/Z7r9jZ1A7PFk9"",""name"":""A Christmas Carol"",""description"":""A Christmas Carol | Saturday, Nov 21, 2026, 7:00 PM | Ohio Star Theater, Sugarcreek"",""image"":""https://s1.ticketm.net/dam/a/ad0/9e298f24-e4c3-4bdf-9cd1-b2cf1058dad0_1364211_RETINA_PORTRAIT_3_2.jpg"",""startDate"":""2026-11-21T19:00:00"",""endDate"":""2026-11-21"",""eventStatus"":""https://schema.org/EventScheduled"",""eventAttendanceMode"":""https://schema.org/OfflineEventAttendanceMode"",""location"":{""@type"":""Place"",""name"":""Ohio Star Theater"",""sameAs"":""https://www.ticketmaster.com/"",""address"":{""@type"":""PostalAddress"",""streetAddress"":""1387 Old State Rt 39 NE"",""addressLocality"":""Sugarcreek"",""addressRegion"":""OH"",""postalCode"":""44681"",""addressCountry"":""US""},""geo"":{""@type"":""GeoCoordinates"",""latitude"":40.517799,""longitude"":-81.672997}},""offers"":{""@type"":""Offer"",""availability"":""http://schema.org/InStock"",""description"":""A Christmas Carol | Saturday, Nov 21, 2026, 7:00 PM | Ohio Star Theater, Sugarcreek"",""url"":""https://www.ticketmaster.com/event/Z7r9jZ1A7PFk9"",""validFrom"":""1900-01-01T01:00:00"",""availabilityStarts"":""1900-01-01T01:00:00""},""workPerformed"":{""@type"":""CreativeWork"",""name"":""A Christmas Carol""},""performer"":[{""@type"":""TheaterGroup"",""name"":""A Christmas Carol"",""sameAs"":""https://www.ticketmaster.com/a-christmas-carol-tickets/artist/803392""}]}"
2026-10-01T16:03:02Z,ticketmaster.com,100070,4bf58dd8d48988d1e5931735|music venue,https://www.ticketmaster.com/a-christmas-carol-tickets/artist/803392,TheaterEvent,mapped_radius,39.676,A Christmas Carol,2026-11-23T13:00:00,2026-11-23,https://www.ticketmaster.com/event/Z7r9jZ1AAZyf8,https://schema.org/EventScheduled,https://schema.org/OfflineEventAttendanceMode,"A Christmas Carol | Monday, Nov 23, 2026, 1:00 PM | Ohio Star Theater, Sugarcreek","{""@type"":""Place"",""name"":""Ohio Star Theater"",""sameAs"":""https://www.ticketmaster.com/"",""address"":{""@type"":""PostalAddress"",""streetAddress"":""1387 Old State Rt 39 NE"",""addressLocality"":""Sugarcreek"",""addressRegion"":""OH"",""postalCode"":""44681"",""addressCountry"":""US""},""geo"":{""@type"":""GeoCoordinates"",""latitude"":40.517799,""longitude"":-81.672997}}","{""@type"":""Offer"",""availability"":""http://schema.org/InStock"",""description"":""A Christmas Carol | Monday, Nov 23, 2026, 1:00 PM | Ohio Star Theater, Sugarcreek"",""url"":""https://www.ticketmaster.com/event/Z7r9jZ1AAZyf8"",""validFrom"":""1900-01-01T13:00:00"",""availabilityStarts"":""1900-01-01T13:00:00""}",,"[{""@type"":""TheaterGroup"",""name"":""A Christmas Carol"",""sameAs"":""https://www.ticketmaster.com/a-christmas-carol-tickets/artist/803392""}]","""https://s1.ticketm.net/dam/a/ad0/9e298f24-e4c3-4bdf-9cd1-b2cf1058dad0_1364211_RETINA_PORTRAIT_3_2.jpg""",,"{""@context"":""http://schema.org"",""@type"":""TheaterEvent"",""url"":""https://www.ticketmaster.com/event/Z7r9jZ1AAZyf8"",""name"":""A Christmas Carol"",""description"":""A Christmas Carol | Monday, Nov 23, 2026, 1:00 PM | Ohio Star Theater, Sugarcreek"",""image"":""https://s1.ticketm.net/dam/a/ad0/9e298f24-e4c3-4bdf-9cd1-b2cf1058dad0_1364211_RETINA_PORTRAIT_3_2.jpg"",""startDate"":""2026-11-23T13:00:00"",""endDate"":""2026-11-23"",""eventStatus"":""https://schema.org/EventScheduled"",""eventAttendanceMode"":""https://schema.org/OfflineEventAttendanceMode"",""location"":{""@type"":""Place"",""name"":""Ohio Star Theater"",""sameAs"":""https://www.ticketmaster.com/"",""address"":{""@type"":""PostalAddress"",""streetAddress"":""1387 Old State Rt 39 NE"",""addressLocality"":""Sugarcreek"",""addressRegion"":""OH"",""postalCode"":""44681"",""addressCountry"":""US""},""geo"":{""@type"":""GeoCoordinates"",""latitude"":40.517799,""longitude"":-81.672997}},""offers"":{""@type"":""Offer"",""availability"":""http://schema.org/InStock"",""description"":""A Christmas Carol | Monday, Nov 23, 2026, 1:00 PM | Ohio Star Theater, Sugarcreek"",""url"":""https://www.ticketmaster.com/event/Z7r9jZ1AAZyf8"",""validFrom"":""1900-01-01T13:00:00"",""availabilityStarts"":""1900-01-01T13:00:00""},""workPerformed"":{""@type"":""CreativeWork"",""name"":""A Christmas Carol""},""performer"":[{""@type"":""TheaterGroup"",""name"":""A Christmas Carol"",""sameAs"":""https://www.ticketmaster.com/a-christmas-carol-tickets/artist/803392""}]}"
2026-10-01T16:03:02Z,ticketmaster.com,100070,4bf58dd8d48988d1e5931735|music venue,https://www.ticketmaster.com/a-christmas-carol-tickets/artist/803392,TheaterEvent,mapped_radius,39.676,A Christmas Carol,2026-11-23T19:00:00,2026-11-23,https://www.ticketmaster.com/event/Z7r9jZ1AAZyfo,https://schema.org/EventScheduled,https://schema.org/OfflineEventAttendanceMode,"A Christmas Carol | Monday, Nov 23, 2026, 7:00 PM | Ohio Star Theater, Sugarcreek","{""@type"":""Place"",""name"":""Ohio Star Theater"",""sameAs"":""https://www.ticketmaster.com/"",""address"":{""@type"":""PostalAddress"",""streetAddress"":""1387 Old State Rt 39 NE"",""addressLocality"":""Sugarcreek"",""addressRegion"":""OH"",""postalCode"":""44681"",""addressCountry"":""US""},""geo"":{""@type"":""GeoCoordinates"",""latitude"":40.517799,""longitude"":-81.672997}}","{""@type"":""Offer"",""availability"":""http://schema.org/InStock"",""description"":""A Christmas Carol | Monday, Nov 23, 2026, 7:00 PM | Ohio Star Theater, Sugarcreek"",""url"":""https://www.ticketmaster.com/event/Z7r9jZ1AAZyfo"",""validFrom"":""1900-01-01T13:00:00"",""availabilityStarts"":""1900-01-01T13:00:00""}",,"[{""@type"":""TheaterGroup"",""name"":""A Christmas Carol"",""sameAs"":""https://www.ticketmaster.com/a-christmas-carol-tickets/artist/803392""}]","""https://s1.ticketm.net/dam/a/ad0/9e298f24-e4c3-4bdf-9cd1-b2cf1058dad0_1364211_RETINA_PORTRAIT_3_2.jpg""",,"{""@context"":""http://schema.org"",""@type"":""TheaterEvent"",""url"":""https://www.ticketmaster.com/event/Z7r9jZ1AAZyfo"",""name"":""A Christmas Carol"",""description"":""A Christmas Carol | Monday, Nov 23, 2026, 7:00 PM | Ohio Star Theater, Sugarcreek"",""image"":""https://s1.ticketm.net/dam/a/ad0/9e298f24-e4c3-4bdf-9cd1-b2cf1058dad0_1364211_RETINA_PORTRAIT_3_2.jpg"",""startDate"":""2026-11-23T19:00:00"",""endDate"":""2026-11-23"",""eventStatus"":""https://schema.org/EventScheduled"",""eventAttendanceMode"":""https://schema.org/OfflineEventAttendanceMode"",""location"":{""@type"":""Place"",""name"":""Ohio Star Theater"",""sameAs"":""https://www.ticketmaster.com/"",""address"":{""@type"":""PostalAddress"",""streetAddress"":""1387 Old State Rt 39 NE"",""addressLocality"":""Sugarcreek"",""addressRegion"":""OH"",""postalCode"":""44681"",""addressCountry"":""US""},""geo"":{""@type"":""GeoCoordinates"",""latitude"":40.517799,""longitude"":-81.672997}},""offers"":{""@type"":""Offer"",""availability"":""http://schema.org/InStock"",""description"":""A Christmas Carol | Monday, Nov 23, 2026, 7:00 PM | Ohio Star Theater, Sugarcreek"",""url"":""https://www.ticketmaster.com/event/Z7r9jZ1AAZyfo"",""validFrom"":""1900-01-01T13:00:00"",""availabilityStarts"":""1900-01-01T13:00:00""},""workPerformed"":{""@type"":""CreativeWork"",""name"":""A Christmas Carol""},""performer"":[{""@type"":""TheaterGroup"",""name"":""A Christmas Carol"",""sameAs"":""https://www.ticketmaster.com/a-christmas-carol-tickets/artist/803392""}]}"
2026-10-01T16:03:02Z,ticketmaster.com,100070,4bf58dd8d48988d1e5931735|music venue,https://www.ticketmaster.com/a-christmas-carol-tickets/artist/803392,TheaterEvent,mapped_radius,39.676,A Christmas Carol,2026-11-28T13:00:00,2026-11-28,https://www.ticketmaster.com/event/Z7r9jZ1AAZyf3,https://schema.org/EventScheduled,https://schema.org/OfflineEventAttendanceMode,"A Christmas Carol | Saturday, Nov 28, 2026, 1:00 PM | Ohio Star Theater, Sugarcreek","{""@type"":""Place"",""name"":""Ohio Star Theater"",""sameAs"":""https://www.ticketmaster.com/"",""address"":{""@type"":""PostalAddress"",""streetAddress"":""1387 Old State Rt 39 NE"",""addressLocality"":""Sugarcreek"",""addressRegion"":""OH"",""postalCode"":""44681"",""addressCountry"":""US""},""geo"":{""@type"":""GeoCoordinates"",""latitude"":40.517799,""longitude"":-81.672997}}","{""@type"":""Offer"",""availability"":""http://schema.org/InStock"",""description"":""A Christmas Carol | Saturday, Nov 28, 2026, 1:00 PM | Ohio Star Theater, Sugarcreek"",""url"":""https://www.ticketmaster.com/event/Z7r9jZ1AAZyf3"",""validFrom"":""1900-01-01T13:00:00"",""availabilityStarts"":""1900-01-01T13:00:00""}",,"[{""@type"":""TheaterGroup"",""name"":""A Christmas Carol"",""sameAs"":""https://www.ticketmaster.com/a-christmas-carol-tickets/artist/803392""}]","""https://s1.ticketm.net/dam/a/ad0/9e298f24-e4c3-4bdf-9cd1-b2cf1058dad0_1364211_RETINA_PORTRAIT_3_2.jpg""",,"{""@context"":""http://schema.org"",""@type"":""TheaterEvent"",""url"":""https://www.ticketmaster.com/event/Z7r9jZ1AAZyf3"",""name"":""A Christmas Carol"",""description"":""A Christmas Carol | Saturday, Nov 28, 2026, 1:00 PM | Ohio Star Theater, Sugarcreek"",""image"":""https://s1.ticketm.net/dam/a/ad0/9e298f24-e4c3-4bdf-9cd1-b2cf1058dad0_1364211_RETINA_PORTRAIT_3_2.jpg"",""startDate"":""2026-11-28T13:00:00"",""endDate"":""2026-11-28"",""eventStatus"":""https://schema.org/EventScheduled"",""eventAttendanceMode"":""https://schema.org/OfflineEventAttendanceMode"",""location"":{""@type"":""Place"",""name"":""Ohio Star Theater"",""sameAs"":""https://www.ticketmaster.com/"",""address"":{""@type"":""PostalAddress"",""streetAddress"":""1387 Old State Rt 39 NE"",""addressLocality"":""Sugarcreek"",""addressRegion"":""OH"",""postalCode"":""44681"",""addressCountry"":""US""},""geo"":{""@type"":""GeoCoordinates"",""latitude"":40.517799,""longitude"":-81.672997}},""offers"":{""@type"":""Offer"",""availability"":""http://schema.org/InStock"",""description"":""A Christmas Carol | Saturday, Nov 28, 2026, 1:00 PM | Ohio Star Theater, Sugarcreek"",""url"":""https://www.ticketmaster.com/event/Z7r9jZ1AAZyf3"",""validFrom"":""1900-01-01T13:00:00"",""availabilityStarts"":""1900-01-01T13:00:00""},""workPerformed"":{""@type"":""CreativeWork"",""name"":""A Christmas Carol""},""performer"":[{""@type"":""TheaterGroup"",""name"":""A Christmas Carol"",""sameAs"":""https://www.ticketmaster.com/a-christmas-carol-tickets/artist/803392""}]}"
2026-10-01T16:03:02Z,ticketmaster.com,100070,4bf58dd8d48988d1e5931735|music venue,https://www.ticketmaster.com/a-christmas-carol-tickets/artist/803392,TheaterEvent,mapped_radius,39.676,A Christmas Carol,2026-11-28T19:00:00,2026-11-28,https://www.ticketmaster.com/event/Z7r9jZ1A7PFk_,https://schema.org/EventScheduled,https://schema.org/OfflineEventAttendanceMode,"A Christmas Carol | Saturday, Nov 28, 2026, 7:00 PM | Ohio Star Theater, Sugarcreek","{""@type"":""Place"",""name"":""Ohio Star Theater"",""sameAs"":""https://www.ticketmaster.com/"",""address"":{""@type"":""PostalAddress"",""streetAddress"":""1387 Old State Rt 39 NE"",""addressLocality"":""Sugarcreek"",""addressRegion"":""OH"",""postalCode"":""44681"",""addressCountry"":""US""},""geo"":{""@type"":""GeoCoordinates"",""latitude"":40.517799,""longitude"":-81.672997}}","{""@type"":""Offer"",""availability"":""http://schema.org/InStock"",""description"":""A Christmas Carol | Saturday, Nov 28, 2026, 7:00 PM | Ohio Star Theater, Sugarcreek"",""url"":""https://www.ticketmaster.com/event/Z7r9jZ1A7PFk_"",""validFrom"":""1900-01-01T01:00:00"",""availabilityStarts"":""1900-01-01T01:00:00""}",,"[{""@type"":""TheaterGroup"",""name"":""A Christmas Carol"",""sameAs"":""https://www.ticketmaster.com/a-christmas-carol-tickets/artist/803392""}]","""https://s1.ticketm.net/dam/a/ad0/9e298f24-e4c3-4bdf-9cd1-b2cf1058dad0_1364211_RETINA_PORTRAIT_3_2.jpg""",,"{""@context"":""http://schema.org"",""@type"":""TheaterEvent"",""url"":""https://www.ticketmaster.com/event/Z7r9jZ1A7PFk_"",""name"":""A Christmas Carol"",""description"":""A Christmas Carol | Saturday, Nov 28, 2026, 7:00 PM | Ohio Star Theater, Sugarcreek"",""image"":""https://s1.ticketm.net/dam/a/ad0/9e298f24-e4c3-4bdf-9cd1-b2cf1058dad0_1364211_RETINA_PORTRAIT_3_2.jpg"",""startDate"":""2026-11-28T19:00:00"",""endDate"":""2026-11-28"",""eventStatus"":""https://schema.org/EventScheduled"",""eventAttendanceMode"":""https://schema.org/OfflineEventAttendanceMode"",""location"":{""@type"":""Place"",""name"":""Ohio Star Theater"",""sameAs"":""https://www.ticketmaster.com/"",""address"":{""@type"":""PostalAddress"",""streetAddress"":""1387 Old State Rt 39 NE"",""addressLocality"":""Sugarcreek"",""addressRegion"":""OH"",""postalCode"":""44681"",""addressCountry"":""US""},""geo"":{""@type"":""GeoCoordinates"",""latitude"":40.517799,""longitude"":-81.672997}},""offers"":{""@type"":""Offer"",""availability"":""http://schema.org/InStock"",""description"":""A Christmas Carol | Saturday, Nov 28, 2026, 7:00 PM | Ohio Star Theater, Sugarcreek"",""url"":""https://www.ticketmaster.com/event/Z7r9jZ1A7PFk_"",""validFrom"":""1900-01-01T01:00:00"",""availabilityStarts"":""1900-01-01T01:00:00""},""workPerformed"":{""@type"":""CreativeWork"",""name"":""A Christmas Carol""},""performer"":[{""@type"":""TheaterGroup"",""name"":""A Christmas Carol"",""sameAs"":""https://www.ticketmaster.com/a-christmas-carol-tickets/artist/803392""}]}"
2026-10-01T16:03:02Z,ticketmaster.com,100070,4bf58dd8d48988d1e5931735|music venue,https://www.ticketmaster.com/a-perfect-circle-tickets/artist/707500,MusicEvent,mapped_radius,7.931,A Perfect Circle,2027-05-20T19:30:00,2027-05-20,https://www.ticketmaster.com/a-perfect-circle-cuyahoga-falls-ohio-05-20-2027/event/05006538B6FFBDA6,https://schema.org/EventScheduled,https://schema.org/OfflineEventAttendanceMode,"A Perfect Circle | Thursday, May 20, 2027, 7:30 PM | Blossom Music Center, Cuyahoga Falls","{""@type"":""Place"",""name"":""Blossom Music Center"",""sameAs"":""https://www.ticketmaster.com/blossom-music-center-tickets-cuyahoga-falls/venue/40964"",""address"":{""@type"":""PostalAddress"",""streetAddress"":""1145 W Steels Corners Rd."",""addressLocality"":""Cuyahoga Falls"",""addressRegion"":""OH"",""postalCode"":""44223"",""addressCountry"":""US""},""geo"":{""@type"":""GeoCoordinates"",""latitude"":41.1913469,""longitude"":-81.5607834}}","{""@type"":""Offer"",""availability"":""http://schema.org/InStock"",""description"":""A Perfect Circle | Thursday, May 20, 2027, 7:30 PM | Blossom Music Center, Cuyahoga Falls"",""url"":""https://www.ticketmaster.com/a-perfect-circle-cuyahoga-falls-ohio-05-20-2027/event/05006538B6FFBDA6"",""validFrom"":""2026-10-02T10:00:00"",""availabilityStarts"":""2026-10-02T10:00:00""}",,"[{""@type"":""MusicGroup"",""name"":""A Perfect Circle"",""sameAs"":""https://www.ticketmaster.com/a-perfect-circle-tickets/artist/707500""},{""@type"":""MusicGroup"",""name"":""The Cult"",""sameAs"":""https://www.ticketmaster.com/the-cult-tickets/artist/1440075""}]","[""https://s1.ticketm.net/dam/a/088/369098c4-977e-4c8b-9d36-a94735fd6088_RETINA_PORTRAIT_3_2.jpg"",{""@type"":""ImageObject"",""url"":""https://mapsapi.tmol.io/maps/geometry/3/event/05006538B6FFBDA6/staticImage?type=png&systemId=HOST"",""name"":""Blossom Music Center Seating Chart, A Perfect Circle"",""caption"":""Seating chart for A Perfect Circle at Blossom Music Center, Cuyahoga Falls""}]",,"{""@context"":""http://schema.org"",""@type"":""MusicEvent"",""url"":""https://www.ticketmaster.com/a-perfect-circle-cuyahoga-falls-ohio-05-20-2027/event/05006538B6FFBDA6"",""name"":""A Perfect Circle"",""description"":""A Perfect Circle | Thursday, May 20, 2027, 7:30 PM | Blossom Music Center, Cuyahoga Falls"",""image"":[""https://s1.ticketm.net/dam/a/088/369098c4-977e-4c8b-9d36-a94735fd6088_RETINA_PORTRAIT_3_2.jpg"",{""@type"":""ImageObject"",""url"":""https://mapsapi.tmol.io/maps/geometry/3/event/05006538B6FFBDA6/staticImage?type=png&systemId=HOST"",""name"":""Blossom Music Center Seating Chart, A Perfect Circle"",""caption"":""Seating chart for A Perfect Circle at Blossom Music Center, Cuyahoga Falls""}],""startDate"":""2027-05-20T19:30:00"",""endDate"":""2027-05-20"",""eventStatus"":""https://schema.org/EventScheduled"",""eventAttendanceMode"":""https://schema.org/OfflineEventAttendanceMode"",""location"":{""@type"":""Place"",""name"":""Blossom Music Center"",""sameAs"":""https://www.ticketmaster.com/blossom-music-center-tickets-cuyahoga-falls/venue/40964"",""address"":{""@type"":""PostalAddress"",""streetAddress"":""1145 W Steels Corners Rd."",""addressLocality"":""Cuyahoga Falls"",""addressRegion"":""OH"",""postalCode"":""44223"",""addressCountry"":""US""},""geo"":{""@type"":""GeoCoordinates"",""latitude"":41.1913469,""longitude"":-81.5607834}},""offers"":{""@type"":""Offer"",""availability"":""http://schema.org/InStock"",""description"":""A Perfect Circle | Thursday, May 20, 2027, 7:30 PM | Blossom Music Center, Cuyahoga Falls"",""url"":""https://www.ticketmaster.com/a-perfect-circle-cuyahoga-falls-ohio-05-20-2027/event/05006538B6FFBDA6"",""validFrom"":""2026-10-02T10:00:00"",""availabilityStarts"":""2026-10-02T10:00:00""},""performer"":[{""@type"":""MusicGroup"",""name"":""A Perfect Circle"",""sameAs"":""https://www.ticketmaster.com/a-perfect-circle-tickets/artist/707500""},{""@type"":""MusicGroup"",""name"":""The Cult"",""sameAs"":""https://www.ticketmaster.com/the-cult-tickets/artist/1440075""}]}"
