"selection_order","state","city","country","latitude","longitude","population_2025","coverage_radius_miles","min_hub_population","census_geoid","selection_rule"
"1","Illinois","Peoria","USA","40.751641","-89.617198","110920","100","50000","1759000","Reviewed R100 hub>=50K"
"2","Louisiana","Bossier City","USA","32.523674","-93.655426","63259","100","50000","2208920","Reviewed R100 hub>=50K"
"3","Florida","Tallahassee","USA","30.453529","-84.252272","204902","100","50000","1270600","Reviewed R100 hub>=50K"
"4","Oregon","Eugene","USA","44.056848","-123.119019","178618","100","50000","4123850","Reviewed R100 hub>=50K"
"5","Texas","Corpus Christi","USA","27.754252","-97.173385","317247","100","50000","4817000","Reviewed R100 hub>=50K"
"6","Iowa","Cedar Rapids","USA","41.96419","-91.67917","137935","100","50000","1912000","Reviewed R100 hub>=50K; substituted for better regional event hub"
"7","Texas","Lubbock","USA","33.561901","-101.888883","273071","100","50000","4845000","Reviewed R100 hub>=50K"
"8","Washington","Kennewick","USA","46.197622","-119.175923","88366","100","50000","5335275","Reviewed R100 hub>=50K"
"9","Texas","Laredo","USA","27.560379","-99.489181","269515","100","50000","4841464","Reviewed R100 hub>=50K"
"10","North Carolina","Wilmington","USA","34.209225","-77.885767","126809","100","50000","3774440","Reviewed R100 hub>=50K"
"11","Texas","Midland","USA","32.024642","-102.113467","147615","100","50000","4848072","Reviewed R100 hub>=50K"
"12","Texas","Abilene","USA","32.454514","-99.738147","131588","100","50000","4801000","Reviewed R100 hub>=50K"
"13","Utah","St. George","USA","37.077006","-113.576534","108713","100","50000","4965330","Reviewed R100 hub>=50K"
"14","Missouri","Columbia","USA","38.94729","-92.326387","130851","100","50000","2915670","Reviewed R100 hub>=50K"
"15","Texas","Amarillo","USA","35.199903","-101.830194","205130","100","50000","4803000","Reviewed R100 hub>=50K"
"16","Idaho","Idaho Falls","USA","43.489616","-112.03534","71785","100","50000","1639700","Reviewed R100 hub>=50K"
"17","Montana","Missoula","USA","46.874359","-114.026136","78903","100","50000","3050200","Reviewed R100 hub>=50K"
"18","Wisconsin","Green Bay","USA","44.521542","-87.986568","106675","100","50000","5531000","Reviewed R100 hub>=50K"
"19","Oregon","Medford","USA","42.336006","-122.851762","86494","100","50000","4147000","Reviewed R100 hub>=50K"
"20","Arizona","Yuma","USA","32.516286","-114.521782","105227","100","50000","0485540","Reviewed R100 hub>=50K"
"21","Texas","Beaumont","USA","30.084912","-94.14533","112967","100","50000","4807000","Reviewed R100 hub>=50K"
"22","North Dakota","Bismarck","USA","46.814572","-100.768568","77963","100","50000","3807200","Reviewed R100 hub>=50K"
"23","California","Redding","USA","40.570277","-122.366766","94092","100","50000","0659920","Reviewed R100 hub>=50K"
"24","Minnesota","Duluth","USA","46.774458","-92.134135","88330","100","50000","2717000","Reviewed R100 hub>=50K"
"25","Nebraska","Grand Island","USA","40.921352","-98.358559","53943","100","50000","3119595","Reviewed R100 hub>=50K"
"26","Texas","Denton","USA","33.217449","-97.141346","169431","100","50000","4819972","Reviewed R100 hub>=50K"
"27","Colorado","Grand Junction","USA","39.089062","-108.567452","71827","100","50000","0831660","Reviewed R100 hub>=50K"
"28","South Dakota","Rapid City","USA","44.071071","-103.217924","80589","100","50000","4652980","Reviewed R100 hub>=50K"
"29","Arizona","Flagstaff","USA","35.185212","-111.620698","77260","100","50000","0423620","Reviewed R100 hub>=50K"
"30","Montana","Great Falls","USA","47.502518","-111.29997","60208","100","50000","3032800","Reviewed R100 hub>=50K"
"31","Arizona","Lake Havasu City","USA","34.499809","-114.310943","59358","100","50000","0439370","Reviewed R100 hub>=50K"
"32","Montana","Bozeman","USA","45.683155","-111.053782","58814","100","50000","3008950","Reviewed R100 hub>=50K"
"33","Wyoming","Casper","USA","42.84212","-106.321282","58771","100","50000","5613150","Reviewed R100 hub>=50K"
"34","Georgia","Savannah","USA","32.012457","-81.194157","149440","100","50000","1369000","Reviewed R100 hub>=50K"
"35","Idaho","Twin Falls","USA","42.563807","-114.460597","56216","100","50000","1682810","Reviewed R100 hub>=50K"
"36","Kansas","Manhattan","USA","39.188307","-96.605864","54673","100","50000","2044250","Reviewed R100 hub>=50K; substituted for better regional event hub"
"37","Tennessee","Clarksville","USA","36.56643","-87.345216","188829","100","50000","4715160","Reviewed R100 hub>=50K"
"38","Minnesota","Rochester","USA","44.014299","-92.478592","124292","100","50000","2754880","Reviewed R100 hub>=50K"
"39","Georgia","Columbus","USA","32.510191","-84.874946","202171","100","50000","1319000","Reviewed R100 hub>=50K"
"40","North Carolina","Asheville","USA","35.570972","-82.552725","93523","100","50000","3702140","Reviewed R100 hub>=50K"
"41","Alabama","Tuscaloosa","USA","33.234404","-87.5283","114316","100","50000","0177256","Reviewed R100 hub>=50K"
