"state","city","country","latitude","longitude","population_2025","nearest_master_city","nearest_master_state","distance_to_nearest_master_miles","coverage_radius_miles","selection_rule","census_geoid","exact_nearest_master_miles"
"North Dakota","Minot","USA","48.236125","-101.277533","47308","Fargo","North Dakota","228","50","2025 Census incorporated place population >= 20000 and > 50 miles from every master city","3853380","228.019"
"New Mexico","Roswell","USA","33.373442","-104.529393","46878","El Paso","Texas","152.8","50","2025 Census incorporated place population >= 20000 and > 50 miles from every master city","3564930","152.841"
"New Mexico","Farmington","USA","36.753833","-108.18053","46055","Albuquerque","New Mexico","142.6","50","2025 Census incorporated place population >= 20000 and > 50 miles from every master city","3525800","142.631"
"Texas","Del Rio","USA","29.373045","-100.881851","34496","San Antonio","Texas","142","50","2025 Census incorporated place population >= 20000 and > 50 miles from every master city","4819792","142.001"
"Wyoming","Gillette","USA","44.27258","-105.498936","34024","Billings","Montana","182.2","50","2025 Census incorporated place population >= 20000 and > 50 miles from every master city","5631855","182.197"
"New Mexico","Carlsbad","USA","32.40079","-104.241012","32524","El Paso","Texas","133.7","50","2025 Census incorporated place population >= 20000 and > 50 miles from every master city","3512150","133.725"
"Maine","Bangor","USA","44.829625","-68.788767","32518","Portland","Maine","107.8","50","2025 Census incorporated place population >= 20000 and > 50 miles from every master city","2302795","107.766"
"Alaska","Juneau","USA","58.37291","-134.178445","31609","Anchorage","Alaska","558.4","50","2025 Census incorporated place population >= 20000 and > 50 miles from every master city","0236400","558.393"
"Alaska","Fairbanks","USA","64.836531","-147.651745","31468","Anchorage","Alaska","258.1","50","2025 Census incorporated place population >= 20000 and > 50 miles from every master city","0224230","258.146"
"North Dakota","Williston","USA","48.189496","-103.649117","29522","Billings","Montana","284.4","50","2025 Census incorporated place population >= 20000 and > 50 miles from every master city","3886220","284.386"
"South Dakota","Aberdeen","USA","45.464678","-98.468104","27961","Fargo","North Dakota","124.5","50","2025 Census incorporated place population >= 20000 and > 50 miles from every master city","4600100","124.528"
"Kansas","Dodge City","USA","37.76067","-100.017863","27653","Wichita","Kansas","146.1","50","2025 Census incorporated place population >= 20000 and > 50 miles from every master city","2018250","146.1"
"Kansas","Garden City","USA","37.975876","-100.850884","27402","Wichita","Kansas","192.3","50","2025 Census incorporated place population >= 20000 and > 50 miles from every master city","2025325","192.271"
"Florida","Key West","USA","24.565063","-81.775539","24999","Miami","Florida","128.8","50","2025 Census incorporated place population >= 20000 and > 50 miles from every master city","1236550","128.805"
"Wyoming","Rock Springs","USA","41.594705","-109.220921","22936","Ogden","Utah","144.6","50","2025 Census incorporated place population >= 20000 and > 50 miles from every master city","5667235","144.583"
"Nebraska","North Platte","USA","41.12496","-100.750359","22524","Cheyenne","Wyoming","210.7","50","2025 Census incorporated place population >= 20000 and > 50 miles from every master city","3135000","210.701"
"Michigan","Marquette","USA","46.550698","-87.395833","21944","Milwaukee","Wisconsin","242.6","50","2025 Census incorporated place population >= 20000 and > 50 miles from every master city","2651900","242.571"
"Kansas","Hays","USA","38.882156","-99.321975","21258","Wichita","Kansas","135.1","50","2025 Census incorporated place population >= 20000 and > 50 miles from every master city","2031100","135.136"
"Nevada","Elko","USA","40.838111","-115.767809","21019","Boise","Idaho","192.2","50","2025 Census incorporated place population >= 20000 and > 50 miles from every master city","3222500","192.164"
"Wyoming","Sheridan","USA","44.796219","-106.964166","20015","Billings","Montana","103.2","50","2025 Census incorporated place population >= 20000 and > 50 miles from every master city","5669845","103.248"
