"selection_order","state","city","country","latitude","longitude","population_2025","newly_covered_places","newly_covered_population","remaining_uncovered_after_selection","coverage_radius_miles","census_geoid","selection_rule"
"1","Alabama","Auburn","USA","32.607122","-85.490959","85113","6","591423","367","50","0103076","Greedy max uncovered population within 50 miles"
"2","Indiana","Goshen","USA","41.573884","-85.829986","34525","7","590709","360","50","1828386","Greedy max uncovered population within 50 miles"
"3","Iowa","Muscatine","USA","41.419058","-91.067946","23164","12","575289","348","50","1955110","Greedy max uncovered population within 50 miles"
"4","Illinois","Bloomington","USA","40.475777","-88.969912","78804","8","495162","340","50","1706613","Greedy max uncovered population within 50 miles"
"5","Wisconsin","Appleton","USA","44.278873","-88.388284","75452","8","404260","332","50","5502375","Greedy max uncovered population within 50 miles"
"6","Michigan","Flint","USA","43.02442","-83.691971","79306","7","389395","325","50","2629000","Greedy max uncovered population within 50 miles"
"7","Oregon","Eugene","USA","44.056848","-123.119019","178618","5","378709","320","50","4123850","Greedy max uncovered population within 50 miles"
"8","Texas","Corpus Christi","USA","27.754252","-97.173385","317247","3","362767","317","50","4817000","Greedy max uncovered population within 50 miles"
"9","Georgia","Savannah","USA","32.012457","-81.194157","149440","7","349249","310","50","1369000","Greedy max uncovered population within 50 miles"
"10","Mississippi","Pascagoula","USA","30.360067","-88.556327","21409","4","347255","306","50","2855360","Greedy max uncovered population within 50 miles"
"11","Texas","Marshall","USA","32.539159","-94.353173","24467","4","346864","302","50","4846776","Greedy max uncovered population within 50 miles"
"12","California","Indio","USA","33.731639","-116.235971","94269","7","332580","295","50","0636448","Greedy max uncovered population within 50 miles"
"13","Illinois","Rockford","USA","42.2593","-89.063478","147384","7","308772","288","50","1765000","Greedy max uncovered population within 50 miles"
"14","Texas","Midland","USA","32.024642","-102.113467","147615","3","292612","285","50","4848072","Greedy max uncovered population within 50 miles"
"15","Virginia","Roanoke","USA","37.278458","-79.958174","99111","5","273820","280","50","5168000","Greedy max uncovered population within 50 miles"
"16","Texas","Lubbock","USA","33.561901","-101.888883","273071","1","273071","279","50","4845000","Greedy max uncovered population within 50 miles"
"17","Texas","Port Arthur","USA","29.900008","-93.89442","55804","4","271939","275","50","4858820","Greedy max uncovered population within 50 miles"
"18","Georgia","Macon-Bibb County","USA","32.80899","-83.69406","157556","3","271016","272","50","1349008","Greedy max uncovered population within 50 miles"
"19","Washington","Kennewick","USA","46.197622","-119.175923","88366","4","270530","268","50","5335275","Greedy max uncovered population within 50 miles"
"20","Texas","Laredo","USA","27.560379","-99.489181","269515","1","269515","267","50","4841464","Greedy max uncovered population within 50 miles"
"21","Texas","College Station","USA","30.58516","-96.29636","127472","3","268556","264","50","4815976","Greedy max uncovered population within 50 miles"
"22","California","Santa Maria","USA","34.933076","-120.443559","111390","5","266431","259","50","0669196","Greedy max uncovered population within 50 miles"
"23","Utah","St. George","USA","37.077006","-113.576534","108713","5","237437","254","50","4965330","Greedy max uncovered population within 50 miles"
"24","North Carolina","Wilmington","USA","34.209225","-77.885767","126809","3","235272","251","50","3774440","Greedy max uncovered population within 50 miles"
"25","California","Santa Rosa","USA","38.445824","-122.706181","179437","3","228074","248","50","0670098","Greedy max uncovered population within 50 miles"
"26","Minnesota","Owatonna","USA","44.091904","-93.231715","26633","4","224143","244","50","2749300","Greedy max uncovered population within 50 miles"
"27","Florida","Gainesville","USA","29.679537","-82.346793","148671","2","220424","242","50","1225175","Greedy max uncovered population within 50 miles"
"28","Oklahoma","Lawton","USA","34.617172","-98.4214","90503","3","215692","239","50","4041850","Greedy max uncovered population within 50 miles"
"29","North Carolina","Fayetteville","USA","35.082766","-78.973515","209120","1","209120","238","50","3722920","Greedy max uncovered population within 50 miles"
"30","Texas","Amarillo","USA","35.199903","-101.830194","205130","1","205130","237","50","4803000","Greedy max uncovered population within 50 miles"
"31","Florida","Tallahassee","USA","30.453529","-84.252272","204902","1","204902","236","50","1270600","Greedy max uncovered population within 50 miles"
"32","Indiana","Evansville","USA","37.987737","-87.534705","116176","3","204890","233","50","1822000","Greedy max uncovered population within 50 miles"
"33","Illinois","Danville","USA","40.142628","-87.610707","28138","4","203887","229","50","1718563","Greedy max uncovered population within 50 miles"
"34","Kansas","Manhattan","USA","39.188307","-96.605864","54673","3","203051","226","50","2044250","Greedy max uncovered population within 50 miles"
"35","Missouri","Jefferson City","USA","38.567461","-92.175254","42489","3","193928","223","50","2937000","Greedy max uncovered population within 50 miles"
"36","Texas","Brownsville","USA","25.989404","-97.480625","192957","1","192957","222","50","4810768","Greedy max uncovered population within 50 miles"
"37","Idaho","Idaho Falls","USA","43.489616","-112.03534","71785","4","191009","218","50","1639700","Greedy max uncovered population within 50 miles"
"38","Arizona","San Luis","USA","32.485678","-114.721947","42030","3","185880","215","50","0463470","Greedy max uncovered population within 50 miles"
"39","Oregon","Ashland","USA","42.192216","-122.69825","20889","4","168733","211","50","4103050","Greedy max uncovered population within 50 miles"
"40","Virginia","Harrisonburg","USA","38.436255","-78.873303","50839","5","168053","206","50","5135624","Greedy max uncovered population within 50 miles"
"41","Tennessee","Johnson City","USA","36.342325","-82.380915","74943","3","160580","203","50","4738320","Greedy max uncovered population within 50 miles"
"42","Washington","Ellensburg","USA","47.000124","-120.54954","21308","3","154313","200","50","5321240","Greedy max uncovered population within 50 miles"
"43","Iowa","Waterloo","USA","42.492327","-92.351947","66919","3","150891","197","50","1982425","Greedy max uncovered population within 50 miles"
"44","Louisiana","Lafayette","USA","30.2056","-92.028058","123311","2","149844","195","50","2240735","Greedy max uncovered population within 50 miles"
"45","Oregon","Bend","USA","44.056683","-121.307991","107342","2","145889","193","50","4105800","Greedy max uncovered population within 50 miles"
"46","Arizona","Bullhead City","USA","35.127371","-114.55599","43987","3","139174","190","50","0408220","Greedy max uncovered population within 50 miles"
"47","South Carolina","Conway","USA","33.834533","-79.049173","30627","4","134141","186","50","4516405","Greedy max uncovered population within 50 miles"
"48","Washington","Bellingham","USA","48.753442","-122.470179","96395","2","131588","184","50","5305280","Greedy max uncovered population within 50 miles"
"49","Texas","Abilene","USA","32.454514","-99.738147","131588","1","131588","183","50","4801000","Greedy max uncovered population within 50 miles"
"50","North Carolina","Greenville","USA","35.596431","-77.375256","96443","2","131167","181","50","3728080","Greedy max uncovered population within 50 miles"
"51","Georgia","Athens-Clarke County unified government (balance)","USA","33.949597","-83.370088","128612","1","128612","180","50","1303440","Greedy max uncovered population within 50 miles"
"52","Texas","Sherman","USA","33.628596","-96.626722","52417","4","125747","176","50","4867496","Greedy max uncovered population within 50 miles"
"53","California","Chico","USA","39.758951","-121.81772","105081","2","125532","174","50","0613014","Greedy max uncovered population within 50 miles"
"54","Oklahoma","Enid","USA","36.406702","-97.869861","50297","3","124568","171","50","4023950","Greedy max uncovered population within 50 miles"
"55","Pennsylvania","Erie","USA","42.116594","-80.073503","91838","2","119501","169","50","4224000","Greedy max uncovered population within 50 miles"
"56","Minnesota","Duluth","USA","46.774458","-92.134135","88330","2","114727","167","50","2717000","Greedy max uncovered population within 50 miles"
"57","Arkansas","Jonesboro","USA","35.819755","-90.679033","83296","2","114431","165","50","0535710","Greedy max uncovered population within 50 miles"
"58","Nebraska","Grand Island","USA","40.921352","-98.358559","53943","3","113846","162","50","3119595","Greedy max uncovered population within 50 miles"
"59","Texas","Tyler","USA","32.317334","-95.306399","113723","1","113723","161","50","4874144","Greedy max uncovered population within 50 miles"
"60","Illinois","Springfield","USA","39.791063","-89.644572","112989","1","112989","160","50","1772000","Greedy max uncovered population within 50 miles"
"61","Alabama","Dothan","USA","31.233698","-85.406823","72060","2","103271","158","50","0121184","Greedy max uncovered population within 50 miles"
"62","North Dakota","Bismarck","USA","46.814572","-100.768568","77963","2","103024","156","50","3807200","Greedy max uncovered population within 50 miles"
"63","Arizona","Prescott Valley","USA","34.59793","-112.318497","52423","2","100843","154","50","0457450","Greedy max uncovered population within 50 miles"
"64","Texas","San Angelo","USA","31.441078","-100.450499","100640","1","100640","153","50","4864472","Greedy max uncovered population within 50 miles"
"65","Wisconsin","La Crosse","USA","43.824685","-91.224616","50784","3","97611","150","50","5540775","Greedy max uncovered population within 50 miles"
"66","Idaho","Lewiston","USA","46.39313","-116.993472","34717","3","95194","147","50","1646540","Greedy max uncovered population within 50 miles"
"67","California","El Centro","USA","32.786351","-115.560206","44382","3","94720","144","50","0621782","Greedy max uncovered population within 50 miles"
"68","California","Redding","USA","40.570277","-122.366766","94092","1","94092","143","50","0659920","Greedy max uncovered population within 50 miles"
"69","North Carolina","Asheville","USA","35.570972","-82.552725","93523","1","93523","142","50","3702140","Greedy max uncovered population within 50 miles"
"70","Arkansas","Fort Smith","USA","35.349276","-94.370883","90855","1","90855","141","50","0524550","Greedy max uncovered population within 50 miles"
"71","New Mexico","Santa Fe","USA","35.661981","-105.981815","89837","1","89837","140","50","3570500","Greedy max uncovered population within 50 miles"
"72","Iowa","Sioux City","USA","42.49538","-96.389495","86356","1","86356","139","50","1973335","Greedy max uncovered population within 50 miles"
"73","Pennsylvania","Altoona","USA","40.508052","-78.401114","42347","2","83191","137","50","4202184","Greedy max uncovered population within 50 miles"
"74","Michigan","Lansing","USA","42.714341","-84.560889","113884","2","83043","135","50","2646000","Greedy max uncovered population within 50 miles"
"75","Florida","Boynton Beach","USA","26.528334","-80.080722","82396","1","82396","134","50","1207875","Greedy max uncovered population within 50 miles"
"76","Florida","Panama City","USA","30.239496","-85.530292","37806","3","80660","131","50","1254700","Greedy max uncovered population within 50 miles"
"77","South Dakota","Rapid City","USA","44.071071","-103.217924","80589","1","80589","130","50","4652980","Greedy max uncovered population within 50 miles"
"78","Ohio","Athens","USA","39.326286","-82.100187","25313","3","79044","127","50","3902736","Greedy max uncovered population within 50 miles"
"79","Montana","Missoula","USA","46.874359","-114.026136","78903","1","78903","126","50","3050200","Greedy max uncovered population within 50 miles"
"80","Kentucky","Bowling Green","USA","36.976832","-86.433661","78505","1","78505","125","50","2108902","Greedy max uncovered population within 50 miles"
"81","Arizona","Flagstaff","USA","35.185212","-111.620698","77260","1","77260","124","50","0423620","Greedy max uncovered population within 50 miles"
"82","Alabama","Gadsden","USA","34.006597","-86.016078","33367","3","76496","121","50","0128696","Greedy max uncovered population within 50 miles"
"83","Missouri","Joplin","USA","37.075218","-94.501259","53930","2","74499","119","50","2937592","Greedy max uncovered population within 50 miles"
"84","Minnesota","St. Cloud","USA","45.526658","-94.171007","72647","1","72647","118","50","2756896","Greedy max uncovered population within 50 miles"
"85","Maryland","Hagerstown","USA","39.637986","-77.723252","44228","2","72500","116","50","2436075","Greedy max uncovered population within 50 miles"
"86","Wisconsin","Eau Claire","USA","44.818343","-91.494769","72465","1","72465","115","50","5522300","Greedy max uncovered population within 50 miles"
"87","Colorado","Grand Junction","USA","39.089062","-108.567452","71827","1","71827","114","50","0831660","Greedy max uncovered population within 50 miles"
"88","Tennessee","Jackson","USA","35.658451","-88.837399","69339","1","69339","113","50","4737640","Greedy max uncovered population within 50 miles"
"89","Louisiana","Monroe","USA","32.518986","-92.07718","46860","2","69257","111","50","2251410","Greedy max uncovered population within 50 miles"
"90","Georgia","Albany","USA","31.578117","-84.176224","66907","1","66907","110","50","1301052","Greedy max uncovered population within 50 miles"
"91","Texas","Lufkin","USA","31.322904","-94.729026","34350","2","66850","108","50","4845072","Greedy max uncovered population within 50 miles"
"92","Wisconsin","Wausau","USA","44.961766","-89.646538","40188","2","66565","106","50","5584475","Greedy max uncovered population within 50 miles"
"93","Texas","Victoria","USA","28.828528","-96.986015","66500","1","66500","105","50","4875428","Greedy max uncovered population within 50 miles"
"94","Texas","Texarkana","USA","33.449204","-94.085008","36195","2","65318","103","50","4872368","Greedy max uncovered population within 50 miles"
"95","Mississippi","Tupelo","USA","34.270604","-88.732455","38087","2","64860","101","50","2874840","Greedy max uncovered population within 50 miles"
"96","Missouri","Cape Girardeau","USA","37.309389","-89.558359","40977","2","62788","99","50","2911242","Greedy max uncovered population within 50 miles"
"97","Texas","Weatherford","USA","32.755397","-97.765731","40634","2","62427","97","50","4876864","Greedy max uncovered population within 50 miles"
"98","North Dakota","Grand Forks","USA","47.919595","-97.087328","60365","1","60365","96","50","3832060","Greedy max uncovered population within 50 miles"
"99","Montana","Great Falls","USA","47.502518","-111.29997","60208","1","60208","95","50","3032800","Greedy max uncovered population within 50 miles"
"100","New Jersey","Atlantic City","USA","39.377337","-74.45107","38787","2","59640","93","50","3402080","Greedy max uncovered population within 50 miles"
"101","Iowa","Dubuque","USA","42.498901","-90.707258","59148","1","59148","92","50","1922395","Greedy max uncovered population within 50 miles"
"102","Montana","Bozeman","USA","45.683155","-111.053782","58814","1","58814","91","50","3008950","Greedy max uncovered population within 50 miles"
"103","Wyoming","Casper","USA","42.84212","-106.321282","58771","1","58771","90","50","5613150","Greedy max uncovered population within 50 miles"
"104","Idaho","Twin Falls","USA","42.563807","-114.460597","56216","1","56216","89","50","1682810","Greedy max uncovered population within 50 miles"
"105","Georgia","Valdosta","USA","30.850126","-83.278833","56186","1","56186","88","50","1378800","Greedy max uncovered population within 50 miles"
"106","Kansas","Dodge City","USA","37.76067","-100.017863","27653","2","55055","86","50","2018250","Greedy max uncovered population within 50 miles"
"107","Nebraska","Norfolk","USA","42.028216","-97.427807","26677","2","51925","84","50","3134615","Greedy max uncovered population within 50 miles"
"108","Massachusetts","Barnstable Town","USA","41.661481","-70.356951","50101","1","50101","83","50","2503690","Greedy max uncovered population within 50 miles"
"109","South Dakota","Brookings","USA","44.303364","-96.787339","25355","2","49091","81","50","4607580","Greedy max uncovered population within 50 miles"
"110","Mississippi","Hattiesburg","USA","31.307305","-89.317434","48802","1","48802","80","50","2831020","Greedy max uncovered population within 50 miles"
"111","Mississippi","Starkville","USA","33.463261","-88.827796","25754","2","48546","78","50","2870240","Greedy max uncovered population within 50 miles"
"112","California","Soledad","USA","36.434522","-121.317759","26357","2","47495","76","50","0672520","Greedy max uncovered population within 50 miles"
"113","Ohio","Mansfield","USA","40.76672","-82.53082","47381","1","47381","75","50","3947138","Greedy max uncovered population within 50 miles"
"114","North Dakota","Minot","USA","48.236125","-101.277533","47308","1","47308","74","50","3853380","Greedy max uncovered population within 50 miles"
"115","New Mexico","Roswell","USA","33.373442","-104.529393","46878","1","46878","73","50","3564930","Greedy max uncovered population within 50 miles"
"116","Kansas","Salina","USA","38.813085","-97.614477","46094","1","46094","72","50","2062700","Greedy max uncovered population within 50 miles"
"117","New Mexico","Farmington","USA","36.753833","-108.18053","46055","1","46055","71","50","3525800","Greedy max uncovered population within 50 miles"
"118","Arizona","Sierra Vista","USA","31.56541","-110.314508","44907","1","44907","70","50","0466820","Greedy max uncovered population within 50 miles"
"119","Louisiana","Alexandria","USA","31.293449","-92.470189","42938","1","42938","69","50","2200975","Greedy max uncovered population within 50 miles"
"120","Missouri","Sedalia","USA","38.705239","-93.235819","22621","2","42904","67","50","2966440","Greedy max uncovered population within 50 miles"
"121","Alabama","Florence","USA","34.82981","-87.662202","42581","1","42581","66","50","0126896","Greedy max uncovered population within 50 miles"
"122","New Mexico","Hobbs","USA","32.729089","-103.160588","40863","1","40863","65","50","3532520","Greedy max uncovered population within 50 miles"
"123","Alabama","Montgomery","USA","32.348503","-86.267307","195300","1","40582","64","50","0151000","Greedy max uncovered population within 50 miles"
"124","Georgia","Rome","USA","34.266133","-85.186052","38934","1","38934","63","50","1366668","Greedy max uncovered population within 50 miles"
"125","Illinois","Quincy","USA","39.933675","-91.379304","38918","1","38918","62","50","1762367","Greedy max uncovered population within 50 miles"
"126","Tennessee","Cookeville","USA","36.146926","-85.512653","38212","1","38212","61","50","4716920","Greedy max uncovered population within 50 miles"
"127","New Mexico","Clovis","USA","34.438569","-103.194194","37127","1","37127","60","50","3516420","Greedy max uncovered population within 50 miles"
"128","Montana","Butte-Silver Bow (balance)","USA","45.896232","-112.660071","35469","1","35469","59","50","3011397","Greedy max uncovered population within 50 miles"
"129","Montana","Helena","USA","46.595465","-112.018746","35138","1","35138","58","50","3035600","Greedy max uncovered population within 50 miles"
"130","Ohio","Lima","USA","40.740679","-84.112091","34695","1","34695","57","50","3943554","Greedy max uncovered population within 50 miles"
"131","Texas","Del Rio","USA","29.373045","-100.881851","34496","1","34496","56","50","4819792","Greedy max uncovered population within 50 miles"
"132","Wyoming","Gillette","USA","44.27258","-105.498936","34024","1","34024","55","50","5631855","Greedy max uncovered population within 50 miles"
"133","Maryland","Salisbury","USA","38.375198","-75.586555","33845","1","33845","54","50","2469925","Greedy max uncovered population within 50 miles"
"134","Mississippi","Meridian","USA","32.38417","-88.689448","33370","1","33370","53","50","2846640","Greedy max uncovered population within 50 miles"
"135","New Mexico","Carlsbad","USA","32.40079","-104.241012","32524","1","32524","52","50","3512150","Greedy max uncovered population within 50 miles"
"136","Maine","Bangor","USA","44.829625","-68.788767","32518","1","32518","51","50","2302795","Greedy max uncovered population within 50 miles"
"137","New Mexico","Alamogordo","USA","32.883619","-105.963607","31906","1","31906","50","50","3501780","Greedy max uncovered population within 50 miles"
"138","Montana","Kalispell","USA","48.216152","-114.327645","31851","1","31851","49","50","3040075","Greedy max uncovered population within 50 miles"
"139","Louisiana","Houma","USA","29.578681","-90.708023","31735","1","31735","48","50","2236255","Greedy max uncovered population within 50 miles"
"140","Alaska","Juneau","USA","58.37291","-134.178445","31609","1","31609","47","50","0236400","Greedy max uncovered population within 50 miles"
"141","Alaska","Fairbanks","USA","64.836531","-147.651745","31468","1","31468","46","50","0224230","Greedy max uncovered population within 50 miles"
"142","Kentucky","Hopkinsville","USA","36.839284","-87.473544","30411","1","30411","45","50","2137918","Greedy max uncovered population within 50 miles"
"143","West Virginia","Morgantown","USA","39.637487","-79.946856","30293","1","30293","44","50","5455756","Greedy max uncovered population within 50 miles"
"144","North Dakota","Williston","USA","48.189496","-103.649117","29522","1","29522","43","50","3886220","Greedy max uncovered population within 50 miles"
"145","Arkansas","Russellville","USA","35.276876","-93.137515","29521","1","29521","42","50","0561670","Greedy max uncovered population within 50 miles"
"146","Texas","Eagle Pass","USA","28.701071","-100.476229","28926","1","28926","41","50","4821892","Greedy max uncovered population within 50 miles"
"147","California","Ridgecrest","USA","35.628542","-117.663992","28333","1","28333","40","50","0660704","Greedy max uncovered population within 50 miles"
"148","Michigan","Port Huron","USA","42.993766","-82.433743","28273","1","28273","39","50","2665820","Greedy max uncovered population within 50 miles"
"149","Indiana","Fort Wayne","USA","41.088193","-85.142791","275203","1","28234","38","50","1825000","Greedy max uncovered population within 50 miles"
"150","Washington","Tumwater","USA","46.989463","-122.917277","28010","1","28010","37","50","5372905","Greedy max uncovered population within 50 miles"
"151","South Dakota","Aberdeen","USA","45.464678","-98.468104","27961","1","27961","36","50","4600100","Greedy max uncovered population within 50 miles"
"152","Texas","Lake Jackson","USA","29.050864","-95.45123","27803","1","27803","35","50","4840588","Greedy max uncovered population within 50 miles"
"153","Washington","Moses Lake","USA","47.12785","-119.276384","27469","1","27469","34","50","5347245","Greedy max uncovered population within 50 miles"
"154","Pennsylvania","Williamsport","USA","41.240019","-77.035591","27384","1","27384","33","50","4285312","Greedy max uncovered population within 50 miles"
"155","Iowa","Mason City","USA","43.147762","-93.200403","26853","1","26853","32","50","1950160","Greedy max uncovered population within 50 miles"
"156","Kentucky","Paducah","USA","37.070892","-88.644477","26730","1","26730","31","50","2158836","Greedy max uncovered population within 50 miles"
"157","Mississippi","Greenville","USA","33.383461","-91.052314","26530","1","26530","30","50","2829180","Greedy max uncovered population within 50 miles"
"158","New York","Elmira","USA","42.093388","-76.80961","26089","1","26089","29","50","3624229","Greedy max uncovered population within 50 miles"
"159","North Dakota","Dickinson","USA","46.89278","-102.79596","25870","1","25870","28","50","3819620","Greedy max uncovered population within 50 miles"
"160","Texas","Kerrville","USA","30.038317","-99.131069","25578","1","25578","27","50","4839040","Greedy max uncovered population within 50 miles"
"161","Texas","Corsicana","USA","32.082404","-96.4667","25487","1","25487","26","50","4817060","Greedy max uncovered population within 50 miles"
"162","Iowa","Ottumwa","USA","41.022251","-92.423263","25319","1","25319","25","50","1960465","Greedy max uncovered population within 50 miles"
"163","California","Eureka","USA","40.797594","-124.154191","25304","1","25304","24","50","0623042","Greedy max uncovered population within 50 miles"
"164","Arizona","Florence","USA","33.069367","-111.413992","25222","1","25222","23","50","0423760","Greedy max uncovered population within 50 miles"
"165","Texas","Paris","USA","33.668929","-95.546616","25205","1","25205","22","50","4855080","Greedy max uncovered population within 50 miles"
"166","Florida","Key West","USA","24.565063","-81.775539","24999","1","24999","21","50","1236550","Greedy max uncovered population within 50 miles"
"167","Iowa","Fort Dodge","USA","42.509863","-94.175675","24837","1","24837","20","50","1928515","Greedy max uncovered population within 50 miles"
"168","California","Barstow","USA","34.866987","-117.043035","24804","1","24804","19","50","0604030","Greedy max uncovered population within 50 miles"
"169","Arkansas","Searcy","USA","35.241134","-91.735223","24351","1","24351","18","50","0563020","Greedy max uncovered population within 50 miles"
"170","Kansas","Emporia","USA","38.40186","-96.191654","24137","1","24137","17","50","2021275","Greedy max uncovered population within 50 miles"
"171","Iowa","Davenport","USA","41.55682","-90.603948","100358","1","24049","16","50","1919000","Greedy max uncovered population within 50 miles"
"172","Oregon","Roseburg","USA","43.223604","-123.352037","23693","1","23693","15","50","4163650","Greedy max uncovered population within 50 miles"
"173","New York","Watertown","USA","43.973292","-75.910039","23517","1","23517","14","50","3678608","Greedy max uncovered population within 50 miles"
"174","Illinois","Kankakee","USA","41.101654","-87.86369","23400","1","23400","13","50","1738934","Greedy max uncovered population within 50 miles"
"175","Wyoming","Rock Springs","USA","41.594705","-109.220921","22936","1","22936","12","50","5667235","Greedy max uncovered population within 50 miles"
"176","Nebraska","North Platte","USA","41.12496","-100.750359","22524","1","22524","11","50","3135000","Greedy max uncovered population within 50 miles"
"177","Indiana","Seymour","USA","38.946847","-85.88918","22450","1","22450","10","50","1868832","Greedy max uncovered population within 50 miles"
"178","Minnesota","Willmar","USA","45.121029","-95.058734","22001","1","22001","9","50","2770420","Greedy max uncovered population within 50 miles"
"179","Michigan","Marquette","USA","46.550698","-87.395833","21944","1","21944","8","50","2651900","Greedy max uncovered population within 50 miles"
"180","Colorado","Montrose","USA","38.468783","-107.858959","21583","1","21583","7","50","0851745","Greedy max uncovered population within 50 miles"
"181","Tennessee","Tullahoma","USA","35.373311","-86.218277","21279","1","21279","6","50","4775320","Greedy max uncovered population within 50 miles"
"182","Kansas","Hays","USA","38.882156","-99.321975","21258","1","21258","5","50","2031100","Greedy max uncovered population within 50 miles"
"183","Nevada","Elko","USA","40.838111","-115.767809","21019","1","21019","4","50","3222500","Greedy max uncovered population within 50 miles"
"184","Kentucky","Ashland","USA","38.459492","-82.645081","20996","1","20996","3","50","2102368","Greedy max uncovered population within 50 miles"
"185","Michigan","Saginaw","USA","43.417678","-83.954716","42863","1","20925","2","50","2670520","Greedy max uncovered population within 50 miles"
"186","Washington","Port Angeles","USA","48.119236","-123.448013","20146","1","20146","1","50","5355365","Greedy max uncovered population within 50 miles"
"187","Wyoming","Sheridan","USA","44.796219","-106.964166","20015","1","20015","0","50","5669845","Greedy max uncovered population within 50 miles"
