state,city,country,latitude,longitude,radius_miles,timezone,region,metro_population_2025,selection_rule
Texas,Houston,USA,,,,,,7904627,2025 metro population >= 500000
District of Columbia,Washington,USA,,,,,,6465724,2025 metro population >= 500000
California,Riverside,USA,,,,,,4769007,2025 metro population >= 500000
California,San Francisco,USA,,,,,,4630041,2025 metro population >= 500000
Florida,Tampa,USA,,,,,,3418895,2025 metro population >= 500000
California,San Diego,USA,,,,,,3282248,2025 metro population >= 500000
Florida,Orlando,USA,,,,,,2957672,2025 metro population >= 500000
Texas,San Antonio,USA,,,,,,2813140,2025 metro population >= 500000
Texas,Austin,USA,,,,,,2620945,2025 metro population >= 500000
California,Sacramento,USA,,,,,,2477274,2025 metro population >= 500000
Pennsylvania,Pittsburgh,USA,,,,,,2421992,2025 metro population >= 500000
Ohio,Cincinnati,USA,,,,,,2312858,2025 metro population >= 500000
Missouri,Kansas City,USA,,,,,,2270682,2025 metro population >= 500000
Ohio,Cleveland,USA,,,,,,2165775,2025 metro population >= 500000
California,San Jose,USA,,,,,,1984473,2025 metro population >= 500000
Virginia,Virginia Beach,USA,,,,,,1797213,2025 metro population >= 500000
Florida,Jacksonville,USA,,,,,,1785500,2025 metro population >= 500000
North Carolina,Raleigh,USA,,,,,,1595720,2025 metro population >= 500000
Tennessee,Memphis,USA,,,,,,1341412,2025 metro population >= 500000
California,Fresno,USA,,,,,,1203383,2025 metro population >= 500000
Michigan,Grand Rapids,USA,,,,,,1183645,2025 metro population >= 500000
New York,Buffalo,USA,,,,,,1155653,2025 metro population >= 500000
Arizona,Tucson,USA,,,,,,1074685,2025 metro population >= 500000
Oklahoma,Tulsa,USA,,,,,,1069273,2025 metro population >= 500000
New York,Rochester,USA,,,,,,1056149,2025 metro population >= 500000
South Carolina,Greenville,USA,,,,,,1014101,2025 metro population >= 500000
Connecticut,Bridgeport,USA,,,,,,978179,2025 metro population >= 500000
Tennessee,Knoxville,USA,,,,,,968137,2025 metro population >= 500000
Florida,North Port,USA,,,,,,948158,2025 metro population >= 500000
California,Bakersfield,USA,,,,,,927068,2025 metro population >= 500000
Texas,McAllen,USA,,,,,,921549,2025 metro population >= 500000
New York,Albany,USA,,,,,,915835,2025 metro population >= 500000
Louisiana,Baton Rouge,USA,,,,,,888699,2025 metro population >= 500000
Massachusetts,Worcester,USA,,,,,,888502,2025 metro population >= 500000
Pennsylvania,Allentown,USA,,,,,,887615,2025 metro population >= 500000
Texas,El Paso,USA,,,,,,881291,2025 metro population >= 500000
South Carolina,Columbia,USA,,,,,,879918,2025 metro population >= 500000
Florida,Cape Coral,USA,,,,,,875607,2025 metro population >= 500000
Florida,Lakeland,USA,,,,,,874790,2025 metro population >= 500000
California,Oxnard,USA,,,,,,830851,2025 metro population >= 500000
Ohio,Dayton,USA,,,,,,826554,2025 metro population >= 500000
California,Stockton,USA,,,,,,823815,2025 metro population >= 500000
North Carolina,Greensboro,USA,,,,,,805945,2025 metro population >= 500000
Colorado,Colorado Springs,USA,,,,,,781796,2025 metro population >= 500000
Utah,Provo,USA,,,,,,773426,2025 metro population >= 500000
Florida,Deltona,USA,,,,,,746933,2025 metro population >= 500000
New York,Kiryas Joel,USA,,,,,,718377,2025 metro population >= 500000
North Carolina,Winston-Salem,USA,,,,,,712206,2025 metro population >= 500000
Wisconsin,Madison,USA,,,,,,709685,2025 metro population >= 500000
Ohio,Akron,USA,,,,,,701780,2025 metro population >= 500000
Utah,Ogden,USA,,,,,,672784,2025 metro population >= 500000
Florida,Palm Bay,USA,,,,,,663982,2025 metro population >= 500000
New York,Syracuse,USA,,,,,,652273,2025 metro population >= 500000
Georgia,Augusta,USA,,,,,,641231,2025 metro population >= 500000
North Carolina,Durham,USA,,,,,,625485,2025 metro population >= 500000
Arkansas,Fayetteville,USA,,,,,,622177,2025 metro population >= 500000
Pennsylvania,Harrisburg,USA,,,,,,617427,2025 metro population >= 500000
Washington,Spokane,USA,,,,,,608012,2025 metro population >= 500000
Ohio,Toledo,USA,,,,,,599376,2025 metro population >= 500000
Tennessee,Chattanooga,USA,,,,,,594530,2025 metro population >= 500000
Connecticut,New Haven,USA,,,,,,578741,2025 metro population >= 500000
Nevada,Reno,USA,,,,,,578734,2025 metro population >= 500000
Pennsylvania,Scranton,USA,,,,,,574418,2025 metro population >= 500000
Florida,Port St. Lucie,USA,,,,,,568721,2025 metro population >= 500000
Pennsylvania,Lancaster,USA,,,,,,563159,2025 metro population >= 500000
California,Modesto,USA,,,,,,557719,2025 metro population >= 500000
Alabama,Huntsville,USA,,,,,,556444,2025 metro population >= 500000
Florida,Pensacola,USA,,,,,,544949,2025 metro population >= 500000
Kentucky,Lexington,USA,,,,,,535174,2025 metro population >= 500000
Texas,Killeen,USA,,,,,,511497,2025 metro population >= 500000
Missouri,Springfield,USA,,,,,,500694,2025 metro population >= 500000
