"selection_order","state","city","country","latitude","longitude","population_2025","coverage_radius_miles","census_geoid","covered_remaining_places_count","covered_remaining_places","selection_rule"
"1","North Dakota","Minot","USA","48.236125","-101.277533","47308","100","3853380","1","Minot, North Dakota","Final sub-50K gap hub selected to complete Census >=20K coverage at 100 miles"
"2","New Mexico","Roswell","USA","33.373442","-104.529393","46878","100","3564930","2","Roswell, New Mexico | Carlsbad, New Mexico","Final sub-50K gap hub selected to complete Census >=20K coverage at 100 miles"
"3","New Mexico","Farmington","USA","36.753833","-108.18053","46055","100","3525800","1","Farmington, New Mexico","Final sub-50K gap hub selected to complete Census >=20K coverage at 100 miles"
"4","Texas","Del Rio","USA","29.373045","-100.881851","34496","100","4819792","1","Del Rio, Texas","Final sub-50K gap hub selected to complete Census >=20K coverage at 100 miles"
"5","Wyoming","Gillette","USA","44.27258","-105.498936","34024","100","5631855","2","Gillette, Wyoming | Sheridan, Wyoming","Final sub-50K gap hub selected to complete Census >=20K coverage at 100 miles"
"6","Maine","Bangor","USA","44.829625","-68.788767","32518","100","2302795","1","Bangor, Maine","Final sub-50K gap hub selected to complete Census >=20K coverage at 100 miles"
"7","Alaska","Juneau","USA","58.37291","-134.178445","31609","100","0236400","1","Juneau, Alaska","Final sub-50K gap hub selected to complete Census >=20K coverage at 100 miles"
"8","Alaska","Fairbanks","USA","64.836531","-147.651745","31468","100","0224230","1","Fairbanks, Alaska","Final sub-50K gap hub selected to complete Census >=20K coverage at 100 miles"
"9","North Dakota","Williston","USA","48.189496","-103.649117","29522","100","3886220","1","Williston, North Dakota","Final sub-50K gap hub selected to complete Census >=20K coverage at 100 miles"
"10","South Dakota","Aberdeen","USA","45.464678","-98.468104","27961","100","4600100","1","Aberdeen, South Dakota","Final sub-50K gap hub selected to complete Census >=20K coverage at 100 miles"
"11","Kansas","Dodge City","USA","37.76067","-100.017863","27653","100","2018250","3","Dodge City, Kansas | Garden City, Kansas | Hays, Kansas","Final sub-50K gap hub selected to complete Census >=20K coverage at 100 miles"
"12","Florida","Key West","USA","24.565063","-81.775539","24999","100","1236550","1","Key West, Florida","Final sub-50K gap hub selected to complete Census >=20K coverage at 100 miles"
"13","Wyoming","Rock Springs","USA","41.594705","-109.220921","22936","100","5667235","1","Rock Springs, Wyoming","Final sub-50K gap hub selected to complete Census >=20K coverage at 100 miles"
"14","Nebraska","North Platte","USA","41.12496","-100.750359","22524","100","3135000","1","North Platte, Nebraska","Final sub-50K gap hub selected to complete Census >=20K coverage at 100 miles"
"15","Michigan","Marquette","USA","46.550698","-87.395833","21944","100","2651900","1","Marquette, Michigan","Final sub-50K gap hub selected to complete Census >=20K coverage at 100 miles"
"16","Nevada","Elko","USA","40.838111","-115.767809","21019","100","3222500","1","Elko, Nevada","Final sub-50K gap hub selected to complete Census >=20K coverage at 100 miles"
