"selection_order","state","selected_city","selected_population_2025","newly_covered_places","newly_covered_population","largest_covered_city","largest_covered_state","largest_covered_population_2025","nearest_existing_master_city","nearest_existing_master_state","distance_to_existing_master_miles","best_alternative_city","best_alternative_state","best_alternative_population_2025","alternative_overlap_places","alternative_overlap_population","alternative_overlap_pct","review_flag","covered_places"
"1","Illinois","Peoria","110920","16","810351","Peoria","Illinois","110920","Chicago","Illinois","125.2","Springfield","Illinois","112989","9","523743","64.6","OK","Peoria, Illinois [110920] | Davenport, Iowa [100358] | Champaign, Illinois [91195] | Bloomington, Illinois [78804] | Decatur, Illinois [67884] | Normal, Illinois [53275] | Moline, Illinois [42362] | Bettendorf, Iowa [40710] | Urbana, Illinois [39719] | Rock Island, Illinois [36225] | Pekin, Illinois [31277] | Galesburg, Illinois [28581] | Burlington, Iowa [23336] | Muscatine, Iowa [23164] | East Peoria, Illinois [22088] | East Moline, Illinois [20453]"
"2","Louisiana","Bossier City","63259","9","513939","Shreveport","Louisiana","175902","Little Rock","Arkansas","169.4","Shreveport","Louisiana","175902","8","467079","90.9","LARGER_ALTERNATIVE;LARGEST_COVERED_CITY_DIFFERS","Shreveport, Louisiana [175902] | Longview, Texas [83236] | Bossier City, Louisiana [63259] | Monroe, Louisiana [46860] | Texarkana, Texas [36195] | Nacogdoches, Texas [32500] | Texarkana, Arkansas [29123] | Marshall, Texas [24467] | Ruston, Louisiana [22397]"
"3","Florida","Tallahassee","204902","5","437861","Tallahassee","Florida","204902","Jacksonville","Florida","154.6","Albany","Georgia","66907","4","400055","91.4","OK","Tallahassee, Florida [204902] | Dothan, Alabama [72060] | Albany, Georgia [66907] | Valdosta, Georgia [56186] | Panama City, Florida [37806]"
"4","Oregon","Eugene","178618","5","409631","Eugene","Oregon","178618","Portland","Oregon","104.8","Springfield","Oregon","61431","5","409631","100","OK","Eugene, Oregon [178618] | Bend, Oregon [107342] | Springfield, Oregon [61431] | Redmond, Oregon [38547] | Roseburg, Oregon [23693]"
"5","Texas","Corpus Christi","317247","3","404580","Corpus Christi","Texas","317247","McAllen","Texas","124.6","Victoria","Texas","66500","3","404580","100","OK","Corpus Christi, Texas [317247] | Victoria, Texas [66500] | Portland, Texas [20833]"
"6","Iowa","Dubuque","59148","7","373913","Cedar Rapids","Iowa","137935","Madison","Wisconsin","76.5","Cedar Rapids","Iowa","137935","5","302832","81","LARGER_ALTERNATIVE;LARGEST_COVERED_CITY_DIFFERS","Cedar Rapids, Iowa [137935] | Iowa City, Iowa [76229] | La Crosse, Wisconsin [50784] | Marion, Iowa [42732] | Coralville, Iowa [23960] | North Liberty, Iowa [21976] | Onalaska, Wisconsin [20297]"
"7","Texas","Lubbock","273071","4","373351","Lubbock","Texas","273071","Oklahoma City","Oklahoma","281.7","Midland","Texas","147615","2","63153","16.9","OK","Lubbock, Texas [273071] | Hobbs, New Mexico [40863] | Clovis, New Mexico [37127] | Big Spring, Texas [22290]"
"8","Washington","Kennewick","88366","5","367988","Yakima","Washington","97458","Spokane","Washington","130.6","Pasco","Washington","82848","5","367988","100","LARGEST_COVERED_CITY_DIFFERS","Yakima, Washington [97458] | Kennewick, Washington [88366] | Pasco, Washington [82848] | Richland, Washington [65258] | Walla Walla, Washington [34058]"
"9","Texas","Laredo","269515","2","298441","Laredo","Texas","269515","McAllen","Texas","119.9","New York","New York","8584629","0","0","0","OK","Laredo, Texas [269515] | Eagle Pass, Texas [28926]"
"10","North Carolina","Wilmington","126809","5","291342","Wilmington","North Carolina","126809","Raleigh","North Carolina","120","Jacksonville","North Carolina","72732","5","291342","100","OK","Wilmington, North Carolina [126809] | Jacksonville, North Carolina [72732] | Leland, North Carolina [35731] | New Bern, North Carolina [34724] | North Myrtle Beach, South Carolina [21346]"
"11","Texas","Midland","147615","2","270322","Midland","Texas","147615","El Paso","Texas","253.4","Odessa","Texas","122707","2","270322","100","OK","Midland, Texas [147615] | Odessa, Texas [122707]"
"12","Texas","Abilene","131588","2","232228","Abilene","Texas","131588","Killeen","Texas","151.4","San Angelo","Texas","100640","2","232228","100","OK","Abilene, Texas [131588] | San Angelo, Texas [100640]"
"13","Utah","St. George","108713","4","213436","St. George","Utah","108713","Las Vegas","Nevada","110.2","North Las Vegas","Nevada","296653","1","108713","50.9","OK","St. George, Utah [108713] | Cedar City, Utah [41871] | Washington, Utah [37107] | Hurricane, Utah [25745]"
"14","Missouri","Columbia","130851","3","212258","Columbia","Missouri","130851","St. Louis","Missouri","114.2","O'Fallon","Missouri","96101","3","212258","100","OK","Columbia, Missouri [130851] | Jefferson City, Missouri [42489] | Quincy, Illinois [38918]"
"15","Texas","Amarillo","205130","1","205130","Amarillo","Texas","205130","Oklahoma City","Oklahoma","244","New York","New York","8584629","0","0","0","OK","Amarillo, Texas [205130]"
"16","Idaho","Idaho Falls","71785","4","191009","Idaho Falls","Idaho","71785","Ogden","Utah","156.3","Pocatello","Idaho","58771","4","191009","100","OK","Idaho Falls, Idaho [71785] | Pocatello, Idaho [58771] | Rexburg, Idaho [40334] | Ammon, Idaho [20119]"
"17","Montana","Missoula","78903","4","181361","Missoula","Montana","78903","Spokane","Washington","168.8","Bozeman","Montana","58814","2","70607","38.9","OK","Missoula, Montana [78903] | Butte-Silver Bow (balance), Montana [35469] | Helena, Montana [35138] | Kalispell, Montana [31851]"
"18","Wisconsin","Green Bay","106675","3","169096","Green Bay","Wisconsin","106675","Milwaukee","Wisconsin","100.8","Appleton","Wisconsin","75452","3","169096","100","OK","Green Bay, Wisconsin [106675] | Wausau, Wisconsin [40188] | Howard, Wisconsin [22233]"
"19","Oregon","Medford","86494","4","168733","Medford","Oregon","86494","Portland","Oregon","221.4","New York","New York","8584629","0","0","0","OK","Medford, Oregon [86494] | Grants Pass, Oregon [39239] | Klamath Falls, Oregon [22111] | Ashland, Oregon [20889]"
"20","Arizona","Yuma","105227","2","147257","Yuma","Arizona","105227","San Diego","California","152.7","New York","New York","8584629","0","0","0","OK","Yuma, Arizona [105227] | San Luis, Arizona [42030]"
"21","Texas","Beaumont","112967","3","137518","Lake Charles","Louisiana","82676","Houston","Texas","77.3","Lafayette","Louisiana","123311","2","103168","75","OK","Lake Charles, Louisiana [82676] | Lufkin, Texas [34350] | Sulphur, Louisiana [20492]"
"22","North Dakota","Bismarck","77963","3","128894","Bismarck","North Dakota","77963","Fargo","North Dakota","186.2","New York","New York","8584629","0","0","0","OK","Bismarck, North Dakota [77963] | Dickinson, North Dakota [25870] | Mandan, North Dakota [25061]"
"23","California","Redding","94092","2","119396","Redding","California","94092","Sacramento","California","146.4","Chico","California","105081","1","94092","78.8","OK","Redding, California [94092] | Eureka, California [25304]"
"24","Minnesota","Duluth","88330","2","114727","Duluth","Minnesota","88330","Minneapolis","Minnesota","136.5","New York","New York","8584629","0","0","0","OK","Duluth, Minnesota [88330] | Superior, Wisconsin [26397]"
"25","Nebraska","Grand Island","53943","3","113846","Grand Island","Nebraska","53943","Omaha","Nebraska","122.3","Lincoln","Nebraska","301522","2","79064","69.4","OK","Grand Island, Nebraska [53943] | Kearney, Nebraska [34782] | Hastings, Nebraska [25121]"
"26","Texas","Denton","169431","1","101951","Wichita Falls","Texas","101951","Dallas","Texas","36.5","Wichita Falls","Texas","101951","1","101951","100","OK","Wichita Falls, Texas [101951]"
"27","Colorado","Grand Junction","71827","2","93410","Grand Junction","Colorado","71827","Provo","Utah","182.1","New York","New York","8584629","0","0","0","OK","Grand Junction, Colorado [71827] | Montrose, Colorado [21583]"
"28","South Dakota","Rapid City","80589","1","80589","Rapid City","South Dakota","80589","Cheyenne","Wyoming","218.6","New York","New York","8584629","0","0","0","OK","Rapid City, South Dakota [80589]"
"29","Arizona","Flagstaff","77260","1","77260","Flagstaff","Arizona","77260","Phoenix","Arizona","114.6","Prescott Valley","Arizona","52423","1","77260","100","OK","Flagstaff, Arizona [77260]"
"30","Montana","Great Falls","60208","1","60208","Great Falls","Montana","60208","Billings","Montana","176.1","New York","New York","8584629","0","0","0","OK","Great Falls, Montana [60208]"
"31","Arizona","Lake Havasu City","59358","1","59358","Lake Havasu City","Arizona","59358","Las Vegas","Nevada","131.3","New York","New York","8584629","0","0","0","OK","Lake Havasu City, Arizona [59358]"
"32","Montana","Bozeman","58814","1","58814","Bozeman","Montana","58814","Billings","Montana","120.8","New York","New York","8584629","0","0","0","OK","Bozeman, Montana [58814]"
"33","Wyoming","Casper","58771","1","58771","Casper","Wyoming","58771","Cheyenne","Wyoming","141.9","New York","New York","8584629","0","0","0","OK","Casper, Wyoming [58771]"
"34","Georgia","Savannah","149440","2","56696","Hinesville","Georgia","36674","Charleston","South Carolina","90.8","New York","New York","8584629","0","0","0","OK","Hinesville, Georgia [36674] | Richmond Hill, Georgia [20022]"
"35","Idaho","Twin Falls","56216","1","56216","Twin Falls","Idaho","56216","Boise","Idaho","114.4","New York","New York","8584629","0","0","0","OK","Twin Falls, Idaho [56216]"
"36","Kansas","Kansas City","157805","1","54673","Manhattan","Kansas","54673","Kansas City","Missouri","10.3","Olathe","Kansas","150025","1","54673","100","NEAR_EXISTING_MASTER","Manhattan, Kansas [54673]"
"37","Tennessee","Clarksville","188829","2","54552","Henderson","Kentucky","27822","Nashville","Tennessee","41.4","Evansville","Indiana","116176","2","54552","100","OK","Henderson, Kentucky [27822] | Paducah, Kentucky [26730]"
"38","Minnesota","Rochester","124292","2","53383","Mason City","Iowa","26853","Minneapolis","Minnesota","76.3","Ankeny","Iowa","77833","1","26853","50.3","OK","Mason City, Iowa [26853] | Winona, Minnesota [26530]"
"39","Georgia","Columbus","202171","1","31211","Enterprise","Alabama","31211","Atlanta","Georgia","90.4","Montgomery","Alabama","195300","1","31211","100","OK","Enterprise, Alabama [31211]"
"40","North Carolina","Asheville","93523","1","28107","Bristol","Tennessee","28107","Greenville","South Carolina","51.8","Johnson City","Tennessee","74943","1","28107","100","OK","Bristol, Tennessee [28107]"
"41","Alabama","Tuscaloosa","114316","1","25754","Starkville","Mississippi","25754","Birmingham","Alabama","46.8","New York","New York","8584629","0","0","0","OK","Starkville, Mississippi [25754]"
