"selection_order","state","city","country","latitude","longitude","population_2025","newly_covered_places","newly_covered_population","remaining_uncovered_after_selection","coverage_radius_miles","min_hub_population","census_geoid","selection_rule"
"1","Illinois","Peoria","USA","40.751641","-89.617198","110920","16","810351","127","100","50000","1759000","Corrected greedy R100 hub>=50K after applying existing-master 100-mile coverage first"
"2","Louisiana","Bossier City","USA","32.523674","-93.655426","63259","9","513939","118","100","50000","2208920","Corrected greedy R100 hub>=50K after applying existing-master 100-mile coverage first"
"3","Florida","Tallahassee","USA","30.453529","-84.252272","204902","5","437861","113","100","50000","1270600","Corrected greedy R100 hub>=50K after applying existing-master 100-mile coverage first"
"4","Oregon","Eugene","USA","44.056848","-123.119019","178618","5","409631","108","100","50000","4123850","Corrected greedy R100 hub>=50K after applying existing-master 100-mile coverage first"
"5","Texas","Corpus Christi","USA","27.754252","-97.173385","317247","3","404580","105","100","50000","4817000","Corrected greedy R100 hub>=50K after applying existing-master 100-mile coverage first"
"6","Iowa","Dubuque","USA","42.498901","-90.707258","59148","7","373913","98","100","50000","1922395","Corrected greedy R100 hub>=50K after applying existing-master 100-mile coverage first"
"7","Texas","Lubbock","USA","33.561901","-101.888883","273071","4","373351","94","100","50000","4845000","Corrected greedy R100 hub>=50K after applying existing-master 100-mile coverage first"
"8","Washington","Kennewick","USA","46.197622","-119.175923","88366","5","367988","89","100","50000","5335275","Corrected greedy R100 hub>=50K after applying existing-master 100-mile coverage first"
"9","Texas","Laredo","USA","27.560379","-99.489181","269515","2","298441","87","100","50000","4841464","Corrected greedy R100 hub>=50K after applying existing-master 100-mile coverage first"
"10","North Carolina","Wilmington","USA","34.209225","-77.885767","126809","5","291342","82","100","50000","3774440","Corrected greedy R100 hub>=50K after applying existing-master 100-mile coverage first"
"11","Texas","Midland","USA","32.024642","-102.113467","147615","2","270322","80","100","50000","4848072","Corrected greedy R100 hub>=50K after applying existing-master 100-mile coverage first"
"12","Texas","Abilene","USA","32.454514","-99.738147","131588","2","232228","78","100","50000","4801000","Corrected greedy R100 hub>=50K after applying existing-master 100-mile coverage first"
"13","Utah","St. George","USA","37.077006","-113.576534","108713","4","213436","74","100","50000","4965330","Corrected greedy R100 hub>=50K after applying existing-master 100-mile coverage first"
"14","Missouri","Columbia","USA","38.94729","-92.326387","130851","3","212258","71","100","50000","2915670","Corrected greedy R100 hub>=50K after applying existing-master 100-mile coverage first"
"15","Texas","Amarillo","USA","35.199903","-101.830194","205130","1","205130","70","100","50000","4803000","Corrected greedy R100 hub>=50K after applying existing-master 100-mile coverage first"
"16","Idaho","Idaho Falls","USA","43.489616","-112.03534","71785","4","191009","66","100","50000","1639700","Corrected greedy R100 hub>=50K after applying existing-master 100-mile coverage first"
"17","Montana","Missoula","USA","46.874359","-114.026136","78903","4","181361","62","100","50000","3050200","Corrected greedy R100 hub>=50K after applying existing-master 100-mile coverage first"
"18","Wisconsin","Green Bay","USA","44.521542","-87.986568","106675","3","169096","59","100","50000","5531000","Corrected greedy R100 hub>=50K after applying existing-master 100-mile coverage first"
"19","Oregon","Medford","USA","42.336006","-122.851762","86494","4","168733","55","100","50000","4147000","Corrected greedy R100 hub>=50K after applying existing-master 100-mile coverage first"
"20","Arizona","Yuma","USA","32.516286","-114.521782","105227","2","147257","53","100","50000","0485540","Corrected greedy R100 hub>=50K after applying existing-master 100-mile coverage first"
"21","Texas","Beaumont","USA","30.084912","-94.14533","112967","3","137518","50","100","50000","4807000","Corrected greedy R100 hub>=50K after applying existing-master 100-mile coverage first"
"22","North Dakota","Bismarck","USA","46.814572","-100.768568","77963","3","128894","47","100","50000","3807200","Corrected greedy R100 hub>=50K after applying existing-master 100-mile coverage first"
"23","California","Redding","USA","40.570277","-122.366766","94092","2","119396","45","100","50000","0659920","Corrected greedy R100 hub>=50K after applying existing-master 100-mile coverage first"
"24","Minnesota","Duluth","USA","46.774458","-92.134135","88330","2","114727","43","100","50000","2717000","Corrected greedy R100 hub>=50K after applying existing-master 100-mile coverage first"
"25","Nebraska","Grand Island","USA","40.921352","-98.358559","53943","3","113846","40","100","50000","3119595","Corrected greedy R100 hub>=50K after applying existing-master 100-mile coverage first"
"26","Texas","Denton","USA","33.217449","-97.141346","169431","1","101951","39","100","50000","4819972","Corrected greedy R100 hub>=50K after applying existing-master 100-mile coverage first"
"27","Colorado","Grand Junction","USA","39.089062","-108.567452","71827","2","93410","37","100","50000","0831660","Corrected greedy R100 hub>=50K after applying existing-master 100-mile coverage first"
"28","South Dakota","Rapid City","USA","44.071071","-103.217924","80589","1","80589","36","100","50000","4652980","Corrected greedy R100 hub>=50K after applying existing-master 100-mile coverage first"
"29","Arizona","Flagstaff","USA","35.185212","-111.620698","77260","1","77260","35","100","50000","0423620","Corrected greedy R100 hub>=50K after applying existing-master 100-mile coverage first"
"30","Montana","Great Falls","USA","47.502518","-111.29997","60208","1","60208","34","100","50000","3032800","Corrected greedy R100 hub>=50K after applying existing-master 100-mile coverage first"
"31","Arizona","Lake Havasu City","USA","34.499809","-114.310943","59358","1","59358","33","100","50000","0439370","Corrected greedy R100 hub>=50K after applying existing-master 100-mile coverage first"
"32","Montana","Bozeman","USA","45.683155","-111.053782","58814","1","58814","32","100","50000","3008950","Corrected greedy R100 hub>=50K after applying existing-master 100-mile coverage first"
"33","Wyoming","Casper","USA","42.84212","-106.321282","58771","1","58771","31","100","50000","5613150","Corrected greedy R100 hub>=50K after applying existing-master 100-mile coverage first"
"34","Georgia","Savannah","USA","32.012457","-81.194157","149440","2","56696","29","100","50000","1369000","Corrected greedy R100 hub>=50K after applying existing-master 100-mile coverage first"
"35","Idaho","Twin Falls","USA","42.563807","-114.460597","56216","1","56216","28","100","50000","1682810","Corrected greedy R100 hub>=50K after applying existing-master 100-mile coverage first"
"36","Kansas","Kansas City","USA","39.122539","-94.741781","157805","1","54673","27","100","50000","2036000","Corrected greedy R100 hub>=50K after applying existing-master 100-mile coverage first"
"37","Tennessee","Clarksville","USA","36.56643","-87.345216","188829","2","54552","25","100","50000","4715160","Corrected greedy R100 hub>=50K after applying existing-master 100-mile coverage first"
"38","Minnesota","Rochester","USA","44.014299","-92.478592","124292","2","53383","23","100","50000","2754880","Corrected greedy R100 hub>=50K after applying existing-master 100-mile coverage first"
"39","Georgia","Columbus","USA","32.510191","-84.874946","202171","1","31211","22","100","50000","1319000","Corrected greedy R100 hub>=50K after applying existing-master 100-mile coverage first"
"40","North Carolina","Asheville","USA","35.570972","-82.552725","93523","1","28107","21","100","50000","3702140","Corrected greedy R100 hub>=50K after applying existing-master 100-mile coverage first"
"41","Alabama","Tuscaloosa","USA","33.234404","-87.5283","114316","1","25754","20","100","50000","0177256","Corrected greedy R100 hub>=50K after applying existing-master 100-mile coverage first"
