"state","city","country","latitude","longitude","population_2025","nearest_master_city","nearest_master_state","distance_to_nearest_master_miles","coverage_radius_miles","selection_rule","census_geoid"
"Texas","Corpus Christi","USA","27.754252","-97.173385","317247","McAllen","Texas","124.6","50","2025 Census incorporated place population >= 20000 and > 50 miles from every master city","4817000"
"Indiana","Fort Wayne","USA","41.088193","-85.142791","275203","Toledo","Ohio","90.2","50","2025 Census incorporated place population >= 20000 and > 50 miles from every master city","1825000"
"Texas","Lubbock","USA","33.561901","-101.888883","273071","Oklahoma City","Oklahoma","281.7","50","2025 Census incorporated place population >= 20000 and > 50 miles from every master city","4845000"
"Texas","Laredo","USA","27.560379","-99.489181","269515","McAllen","Texas","119.9","50","2025 Census incorporated place population >= 20000 and > 50 miles from every master city","4841464"
"North Carolina","Fayetteville","USA","35.082766","-78.973515","209120","Raleigh","North Carolina","55","50","2025 Census incorporated place population >= 20000 and > 50 miles from every master city","3722920"
"Texas","Amarillo","USA","35.199903","-101.830194","205130","Oklahoma City","Oklahoma","244","50","2025 Census incorporated place population >= 20000 and > 50 miles from every master city","4803000"
"Florida","Tallahassee","USA","30.453529","-84.252272","204902","Jacksonville","Florida","154.6","50","2025 Census incorporated place population >= 20000 and > 50 miles from every master city","1270600"
"Georgia","Columbus","USA","32.510191","-84.874946","202171","Atlanta","Georgia","90.4","50","2025 Census incorporated place population >= 20000 and > 50 miles from every master city","1319000"
"Alabama","Mobile","USA","30.668246","-88.107853","200824","Pensacola","Florida","56.8","50","2025 Census incorporated place population >= 20000 and > 50 miles from every master city","0150000"
"Alabama","Montgomery","USA","32.348503","-86.267307","195300","Birmingham","Alabama","87","50","2025 Census incorporated place population >= 20000 and > 50 miles from every master city","0151000"
"Texas","Brownsville","USA","25.989404","-97.480625","192957","McAllen","Texas","50.2","50","2025 Census incorporated place population >= 20000 and > 50 miles from every master city","4810768"
"California","Santa Rosa","USA","38.445824","-122.706181","179437","San Francisco","California","52.7","50","2025 Census incorporated place population >= 20000 and > 50 miles from every master city","0670098"
"Oregon","Eugene","USA","44.056848","-123.119019","178618","Portland","Oregon","104.8","50","2025 Census incorporated place population >= 20000 and > 50 miles from every master city","4123850"
"Louisiana","Shreveport","USA","32.466879","-93.792193","175902","Dallas","Texas","174.5","50","2025 Census incorporated place population >= 20000 and > 50 miles from every master city","2270000"
"Georgia","Macon-Bibb County","USA","32.80899","-83.69406","157556","Atlanta","Georgia","78.2","50","2025 Census incorporated place population >= 20000 and > 50 miles from every master city","1349008"
"Georgia","Savannah","USA","32.012457","-81.194157","149440","Charleston","South Carolina","90.8","50","2025 Census incorporated place population >= 20000 and > 50 miles from every master city","1369000"
"Florida","Gainesville","USA","29.679537","-82.346793","148671","Jacksonville","Florida","61.2","50","2025 Census incorporated place population >= 20000 and > 50 miles from every master city","1225175"
"Texas","Midland","USA","32.024642","-102.113467","147615","El Paso","Texas","253.4","50","2025 Census incorporated place population >= 20000 and > 50 miles from every master city","4848072"
"Illinois","Rockford","USA","42.2593","-89.063478","147384","Madison","Wisconsin","60.2","50","2025 Census incorporated place population >= 20000 and > 50 miles from every master city","1765000"
"Iowa","Cedar Rapids","USA","41.96419","-91.67917","137935","Des Moines","Iowa","103.1","50","2025 Census incorporated place population >= 20000 and > 50 miles from every master city","1912000"
"Texas","Abilene","USA","32.454514","-99.738147","131588","Killeen","Texas","151.4","50","2025 Census incorporated place population >= 20000 and > 50 miles from every master city","4801000"
"Missouri","Columbia","USA","38.94729","-92.326387","130851","St. Louis","Missouri","114.2","50","2025 Census incorporated place population >= 20000 and > 50 miles from every master city","2915670"
"Georgia","Athens-Clarke County unified government (balance)","USA","33.949597","-83.370088","128612","Atlanta","Georgia","61.8","50","2025 Census incorporated place population >= 20000 and > 50 miles from every master city","1303440"
"Texas","College Station","USA","30.58516","-96.29636","127472","Houston","Texas","77.4","50","2025 Census incorporated place population >= 20000 and > 50 miles from every master city","4815976"
"North Carolina","Wilmington","USA","34.209225","-77.885767","126809","Raleigh","North Carolina","120","50","2025 Census incorporated place population >= 20000 and > 50 miles from every master city","3774440"
"Kansas","Topeka","USA","39.034673","-95.696191","125795","Kansas City","Missouri","61.8","50","2025 Census incorporated place population >= 20000 and > 50 miles from every master city","2071000"
"Minnesota","Rochester","USA","44.014299","-92.478592","124292","Minneapolis","Minnesota","76.3","50","2025 Census incorporated place population >= 20000 and > 50 miles from every master city","2754880"
"Louisiana","Lafayette","USA","30.2056","-92.028058","123311","Baton Rouge","Louisiana","55.9","50","2025 Census incorporated place population >= 20000 and > 50 miles from every master city","2240735"
"Texas","Odessa","USA","31.880461","-102.345314","122707","El Paso","Texas","239.8","50","2025 Census incorporated place population >= 20000 and > 50 miles from every master city","4853388"
"Indiana","Evansville","USA","37.987737","-87.534705","116176","Louisville","Kentucky","98.9","50","2025 Census incorporated place population >= 20000 and > 50 miles from every master city","1822000"
"Michigan","Lansing","USA","42.714341","-84.560889","113884","Grand Rapids","Michigan","58","50","2025 Census incorporated place population >= 20000 and > 50 miles from every master city","2646000"
"Texas","Tyler","USA","32.317334","-95.306399","113723","Dallas","Texas","91.2","50","2025 Census incorporated place population >= 20000 and > 50 miles from every master city","4874144"
"Illinois","Springfield","USA","39.791063","-89.644572","112989","St. Louis","Missouri","86","50","2025 Census incorporated place population >= 20000 and > 50 miles from every master city","1772000"
"Texas","Beaumont","USA","30.084912","-94.14533","112967","Houston","Texas","77.3","50","2025 Census incorporated place population >= 20000 and > 50 miles from every master city","4807000"
"California","Santa Maria","USA","34.933076","-120.443559","111390","Bakersfield","California","84.6","50","2025 Census incorporated place population >= 20000 and > 50 miles from every master city","0669196"
"Illinois","Peoria","USA","40.751641","-89.617198","110920","Chicago","Illinois","125.2","50","2025 Census incorporated place population >= 20000 and > 50 miles from every master city","1759000"
"Utah","St. George","USA","37.077006","-113.576534","108713","Las Vegas","Nevada","110.2","50","2025 Census incorporated place population >= 20000 and > 50 miles from every master city","4965330"
"Oregon","Bend","USA","44.056683","-121.307991","107342","Portland","Oregon","121.6","50","2025 Census incorporated place population >= 20000 and > 50 miles from every master city","4105800"
"Wisconsin","Green Bay","USA","44.521542","-87.986568","106675","Milwaukee","Wisconsin","100.8","50","2025 Census incorporated place population >= 20000 and > 50 miles from every master city","5531000"
"Arizona","Yuma","USA","32.516286","-114.521782","105227","San Diego","California","152.7","50","2025 Census incorporated place population >= 20000 and > 50 miles from every master city","0485540"
"California","Chico","USA","39.758951","-121.81772","105081","Sacramento","California","84.4","50","2025 Census incorporated place population >= 20000 and > 50 miles from every master city","0613014"
"Indiana","South Bend","USA","41.676643","-86.268809","103201","Chicago","Illinois","73.8","50","2025 Census incorporated place population >= 20000 and > 50 miles from every master city","1871000"
"Texas","Wichita Falls","USA","33.906654","-98.525848","101951","Oklahoma City","Oklahoma","122.2","50","2025 Census incorporated place population >= 20000 and > 50 miles from every master city","4879000"
"Texas","San Angelo","USA","31.441078","-100.450499","100640","Killeen","Texas","162.5","50","2025 Census incorporated place population >= 20000 and > 50 miles from every master city","4864472"
"Iowa","Davenport","USA","41.55682","-90.603948","100358","Madison","Wisconsin","121.6","50","2025 Census incorporated place population >= 20000 and > 50 miles from every master city","1919000"
"Virginia","Roanoke","USA","37.278458","-79.958174","99111","Greensboro","North Carolina","82.1","50","2025 Census incorporated place population >= 20000 and > 50 miles from every master city","5168000"
"Washington","Yakima","USA","46.590938","-120.5494","97458","Seattle","Washington","110.6","50","2025 Census incorporated place population >= 20000 and > 50 miles from every master city","5380010"
"North Carolina","Greenville","USA","35.596431","-77.375256","96443","Raleigh","North Carolina","72.8","50","2025 Census incorporated place population >= 20000 and > 50 miles from every master city","3728080"
"Washington","Bellingham","USA","48.753442","-122.470179","96395","Seattle","Washington","78.5","50","2025 Census incorporated place population >= 20000 and > 50 miles from every master city","5305280"
"California","Indio","USA","33.731639","-116.235971","94269","Riverside","California","67.9","50","2025 Census incorporated place population >= 20000 and > 50 miles from every master city","0636448"
"California","Redding","USA","40.570277","-122.366766","94092","Sacramento","California","146.4","50","2025 Census incorporated place population >= 20000 and > 50 miles from every master city","0659920"
"North Carolina","Asheville","USA","35.570972","-82.552725","93523","Greenville","South Carolina","51.8","50","2025 Census incorporated place population >= 20000 and > 50 miles from every master city","3702140"
"Texas","Bryan","USA","30.666016","-96.381049","91996","Houston","Texas","84.9","50","2025 Census incorporated place population >= 20000 and > 50 miles from every master city","4810912"
"Pennsylvania","Erie","USA","42.116594","-80.073503","91838","Buffalo","New York","81.8","50","2025 Census incorporated place population >= 20000 and > 50 miles from every master city","4224000"
"Illinois","Champaign","USA","40.114099","-88.274619","91195","Indianapolis","Indiana","115.1","50","2025 Census incorporated place population >= 20000 and > 50 miles from every master city","1712385"
"Arkansas","Fort Smith","USA","35.349276","-94.370883","90855","Fayetteville","Arkansas","51.2","50","2025 Census incorporated place population >= 20000 and > 50 miles from every master city","0524550"
"Oklahoma","Lawton","USA","34.617172","-98.4214","90503","Oklahoma City","Oklahoma","78","50","2025 Census incorporated place population >= 20000 and > 50 miles from every master city","4041850"
"New Mexico","Santa Fe","USA","35.661981","-105.981815","89837","Albuquerque","New Mexico","53.7","50","2025 Census incorporated place population >= 20000 and > 50 miles from every master city","3570500"
"Washington","Kennewick","USA","46.197622","-119.175923","88366","Spokane","Washington","130.6","50","2025 Census incorporated place population >= 20000 and > 50 miles from every master city","5335275"
"Minnesota","Duluth","USA","46.774458","-92.134135","88330","Minneapolis","Minnesota","136.5","50","2025 Census incorporated place population >= 20000 and > 50 miles from every master city","2717000"
"Georgia","Warner Robins","USA","32.597096","-83.653936","87761","Atlanta","Georgia","92","50","2025 Census incorporated place population >= 20000 and > 50 miles from every master city","1380508"
"Oregon","Medford","USA","42.336006","-122.851762","86494","Portland","Oregon","221.4","50","2025 Census incorporated place population >= 20000 and > 50 miles from every master city","4147000"
"Iowa","Sioux City","USA","42.49538","-96.389495","86356","Sioux Falls","South Dakota","74.3","50","2025 Census incorporated place population >= 20000 and > 50 miles from every master city","1973335"
"Alabama","Auburn","USA","32.607122","-85.490959","85113","Birmingham","Alabama","98.8","50","2025 Census incorporated place population >= 20000 and > 50 miles from every master city","0103076"
"Arkansas","Jonesboro","USA","35.819755","-90.679033","83296","Memphis","Tennessee","63.3","50","2025 Census incorporated place population >= 20000 and > 50 miles from every master city","0535710"
"Texas","Longview","USA","32.520234","-94.761114","83236","Dallas","Texas","118.2","50","2025 Census incorporated place population >= 20000 and > 50 miles from every master city","4843888"
"Washington","Pasco","USA","46.266113","-119.121426","82848","Spokane","Washington","125.3","50","2025 Census incorporated place population >= 20000 and > 50 miles from every master city","5353545"
"Louisiana","Lake Charles","USA","30.19902","-93.210835","82676","Baton Rouge","Louisiana","125.2","50","2025 Census incorporated place population >= 20000 and > 50 miles from every master city","2241155"
"Florida","Boynton Beach","USA","26.528334","-80.080722","82396","Miami","Florida","52.6","50","2025 Census incorporated place population >= 20000 and > 50 miles from every master city","1207875"
"Virginia","Lynchburg","USA","37.399016","-79.195458","81347","Richmond","Virginia","94.7","50","2025 Census incorporated place population >= 20000 and > 50 miles from every master city","5147672"
"South Dakota","Rapid City","USA","44.071071","-103.217924","80589","Cheyenne","Wyoming","218.6","50","2025 Census incorporated place population >= 20000 and > 50 miles from every master city","4652980"
"Michigan","Flint","USA","43.02442","-83.691971","79306","Detroit","Michigan","53.5","50","2025 Census incorporated place population >= 20000 and > 50 miles from every master city","2629000"
"Montana","Missoula","USA","46.874359","-114.026136","78903","Spokane","Washington","168.8","50","2025 Census incorporated place population >= 20000 and > 50 miles from every master city","3050200"
"Illinois","Bloomington","USA","40.475777","-88.969912","78804","Chicago","Illinois","115.4","50","2025 Census incorporated place population >= 20000 and > 50 miles from every master city","1706613"
"Kentucky","Bowling Green","USA","36.976832","-86.433661","78505","Nashville","Tennessee","58.9","50","2025 Census incorporated place population >= 20000 and > 50 miles from every master city","2108902"
"North Dakota","Bismarck","USA","46.814572","-100.768568","77963","Fargo","North Dakota","186.2","50","2025 Census incorporated place population >= 20000 and > 50 miles from every master city","3807200"
"Arizona","Flagstaff","USA","35.185212","-111.620698","77260","Phoenix","Arizona","114.6","50","2025 Census incorporated place population >= 20000 and > 50 miles from every master city","0423620"
"Mississippi","Gulfport","USA","30.419487","-89.069022","76506","New Orleans","Louisiana","57.5","50","2025 Census incorporated place population >= 20000 and > 50 miles from every master city","2829700"
"Iowa","Iowa City","USA","41.655654","-91.530863","76229","Des Moines","Iowa","107.6","50","2025 Census incorporated place population >= 20000 and > 50 miles from every master city","1938595"
"Wisconsin","Appleton","USA","44.278873","-88.388284","75452","Milwaukee","Wisconsin","86.6","50","2025 Census incorporated place population >= 20000 and > 50 miles from every master city","5502375"
"Tennessee","Johnson City","USA","36.342325","-82.380915","74943","Knoxville","Tennessee","91.2","50","2025 Census incorporated place population >= 20000 and > 50 miles from every master city","4738320"
"North Carolina","Jacksonville","USA","34.72973","-77.393661","72732","Raleigh","North Carolina","103.7","50","2025 Census incorporated place population >= 20000 and > 50 miles from every master city","3734200"
"Minnesota","St. Cloud","USA","45.526658","-94.171007","72647","Minneapolis","Minnesota","58.7","50","2025 Census incorporated place population >= 20000 and > 50 miles from every master city","2756896"
"Wisconsin","Eau Claire","USA","44.818343","-91.494769","72465","Minneapolis","Minnesota","87.4","50","2025 Census incorporated place population >= 20000 and > 50 miles from every master city","5522300"
"Alabama","Dothan","USA","31.233698","-85.406823","72060","Pensacola","Florida","119.2","50","2025 Census incorporated place population >= 20000 and > 50 miles from every master city","0121184"
"Colorado","Grand Junction","USA","39.089062","-108.567452","71827","Provo","Utah","182.1","50","2025 Census incorporated place population >= 20000 and > 50 miles from every master city","0831660"
"Idaho","Idaho Falls","USA","43.489616","-112.03534","71785","Ogden","Utah","156.3","50","2025 Census incorporated place population >= 20000 and > 50 miles from every master city","1639700"
"Florida","Ocala","USA","29.17751","-82.151025","71753","Deltona","Florida","59.8","50","2025 Census incorporated place population >= 20000 and > 50 miles from every master city","1250750"
"Indiana","Lafayette","USA","40.39941","-86.862806","71238","Indianapolis","Indiana","57.3","50","2025 Census incorporated place population >= 20000 and > 50 miles from every master city","1840788"
"Tennessee","Jackson","USA","35.658451","-88.837399","69339","Memphis","Tennessee","74.2","50","2025 Census incorporated place population >= 20000 and > 50 miles from every master city","4737640"
"Illinois","Decatur","USA","39.855983","-88.933746","67884","St. Louis","Missouri","109.7","50","2025 Census incorporated place population >= 20000 and > 50 miles from every master city","1718823"
"Wisconsin","Oshkosh","USA","44.023168","-88.56226","67460","Milwaukee","Wisconsin","72.7","50","2025 Census incorporated place population >= 20000 and > 50 miles from every master city","5560500"
"Iowa","Waterloo","USA","42.492327","-92.351947","66919","Des Moines","Iowa","90.6","50","2025 Census incorporated place population >= 20000 and > 50 miles from every master city","1982425"
"Georgia","Albany","USA","31.578117","-84.176224","66907","Atlanta","Georgia","151.6","50","2025 Census incorporated place population >= 20000 and > 50 miles from every master city","1301052"
"Texas","Victoria","USA","28.828528","-96.986015","66500","San Antonio","Texas","102.7","50","2025 Census incorporated place population >= 20000 and > 50 miles from every master city","4875428"
"Washington","Richland","USA","46.28698","-119.294045","65258","Spokane","Washington","129.6","50","2025 Census incorporated place population >= 20000 and > 50 miles from every master city","5358235"
"Louisiana","Bossier City","USA","32.523674","-93.655426","63259","Little Rock","Arkansas","169.4","50","2025 Census incorporated place population >= 20000 and > 50 miles from every master city","2208920"
"Oregon","Corvallis","USA","44.569949","-123.278285","61499","Portland","Oregon","73.5","50","2025 Census incorporated place population >= 20000 and > 50 miles from every master city","4115800"
"Oregon","Springfield","USA","44.053653","-122.980652","61431","Portland","Oregon","103.8","50","2025 Census incorporated place population >= 20000 and > 50 miles from every master city","4169600"
"Kentucky","Owensboro","USA","37.757172","-87.117398","60892","Louisville","Kentucky","81.6","50","2025 Census incorporated place population >= 20000 and > 50 miles from every master city","2158620"
"North Dakota","Grand Forks","USA","47.919595","-97.087328","60365","Fargo","North Dakota","73.9","50","2025 Census incorporated place population >= 20000 and > 50 miles from every master city","3832060"
"Montana","Great Falls","USA","47.502518","-111.29997","60208","Billings","Montana","176.1","50","2025 Census incorporated place population >= 20000 and > 50 miles from every master city","3032800"
"Arizona","Lake Havasu City","USA","34.499809","-114.310943","59358","Las Vegas","Nevada","131.3","50","2025 Census incorporated place population >= 20000 and > 50 miles from every master city","0439370"
"Iowa","Dubuque","USA","42.498901","-90.707258","59148","Madison","Wisconsin","76.5","50","2025 Census incorporated place population >= 20000 and > 50 miles from every master city","1922395"
"Montana","Bozeman","USA","45.683155","-111.053782","58814","Billings","Montana","120.8","50","2025 Census incorporated place population >= 20000 and > 50 miles from every master city","3008950"
"Idaho","Pocatello","USA","42.871367","-112.461776","58771","Ogden","Utah","116.3","50","2025 Census incorporated place population >= 20000 and > 50 miles from every master city","1664090"
"Wyoming","Casper","USA","42.84212","-106.321282","58771","Cheyenne","Wyoming","141.9","50","2025 Census incorporated place population >= 20000 and > 50 miles from every master city","5613150"
"Indiana","Terre Haute","USA","39.464152","-87.376036","58764","Indianapolis","Indiana","68.9","50","2025 Census incorporated place population >= 20000 and > 50 miles from every master city","1875428"
"Tennessee","Kingsport","USA","36.51937","-82.543393","57530","Knoxville","Tennessee","87","50","2025 Census incorporated place population >= 20000 and > 50 miles from every master city","4739560"
"Oregon","Albany","USA","44.626928","-123.096741","56894","Portland","Oregon","66.5","50","2025 Census incorporated place population >= 20000 and > 50 miles from every master city","4101000"
"Idaho","Twin Falls","USA","42.563807","-114.460597","56216","Boise","Idaho","114.4","50","2025 Census incorporated place population >= 20000 and > 50 miles from every master city","1682810"
"Georgia","Valdosta","USA","30.850126","-83.278833","56186","Jacksonville","Florida","102.5","50","2025 Census incorporated place population >= 20000 and > 50 miles from every master city","1378800"
"Texas","Port Arthur","USA","29.900008","-93.89442","55804","Houston","Texas","89.9","50","2025 Census incorporated place population >= 20000 and > 50 miles from every master city","4858820"
"Kansas","Manhattan","USA","39.188307","-96.605864","54673","Kansas City","Missouri","110.2","50","2025 Census incorporated place population >= 20000 and > 50 miles from every master city","2044250"
"Indiana","Elkhart","USA","41.692081","-85.962567","54092","Grand Rapids","Michigan","89.1","50","2025 Census incorporated place population >= 20000 and > 50 miles from every master city","1820728"
"Nebraska","Grand Island","USA","40.921352","-98.358559","53943","Omaha","Nebraska","122.3","50","2025 Census incorporated place population >= 20000 and > 50 miles from every master city","3119595"
"Missouri","Joplin","USA","37.075218","-94.501259","53930","Springfield","Missouri","67.1","50","2025 Census incorporated place population >= 20000 and > 50 miles from every master city","2937592"
"Illinois","Normal","USA","40.52014","-88.992234","53275","Chicago","Illinois","113.6","50","2025 Census incorporated place population >= 20000 and > 50 miles from every master city","1753234"
"California","Palm Desert","USA","33.737635","-116.364145","53259","Riverside","California","60.7","50","2025 Census incorporated place population >= 20000 and > 50 miles from every master city","0655184"
"Arizona","Prescott Valley","USA","34.59793","-112.318497","52423","Phoenix","Arizona","72.1","50","2025 Census incorporated place population >= 20000 and > 50 miles from every master city","0457450"
"Texas","Sherman","USA","33.628596","-96.626722","52417","Dallas","Texas","58.3","50","2025 Census incorporated place population >= 20000 and > 50 miles from every master city","4867496"
"California","Cathedral City","USA","33.835487","-116.463103","52375","Riverside","California","53.8","50","2025 Census incorporated place population >= 20000 and > 50 miles from every master city","0612048"
"Michigan","Battle Creek","USA","42.299176","-85.229267","52021","Grand Rapids","Michigan","50.6","50","2025 Census incorporated place population >= 20000 and > 50 miles from every master city","2605920"
"Indiana","Mishawaka","USA","41.676606","-86.165356","51226","Chicago","Illinois","79.1","50","2025 Census incorporated place population >= 20000 and > 50 miles from every master city","1849932"
"Virginia","Harrisonburg","USA","38.436255","-78.873303","50839","Richmond","Virginia","98.5","50","2025 Census incorporated place population >= 20000 and > 50 miles from every master city","5135624"
"Wisconsin","La Crosse","USA","43.824685","-91.224616","50784","Madison","Wisconsin","103.4","50","2025 Census incorporated place population >= 20000 and > 50 miles from every master city","5540775"
"California","San Luis Obispo","USA","35.266195","-120.668438","50636","Bakersfield","California","92.1","50","2025 Census incorporated place population >= 20000 and > 50 miles from every master city","0668154"
"Oklahoma","Enid","USA","36.406702","-97.869861","50297","Oklahoma City","Oklahoma","67.9","50","2025 Census incorporated place population >= 20000 and > 50 miles from every master city","4023950"
"Massachusetts","Barnstable Town","USA","41.661481","-70.356951","50101","Providence","Rhode Island","55.9","50","2025 Census incorporated place population >= 20000 and > 50 miles from every master city","2503690"
"Oklahoma","Stillwater","USA","36.131496","-97.074464","50046","Oklahoma City","Oklahoma","52.1","50","2025 Census incorporated place population >= 20000 and > 50 miles from every master city","4070300"
"Michigan","Portage","USA","42.19705","-85.591395","49862","Grand Rapids","Michigan","52.9","50","2025 Census incorporated place population >= 20000 and > 50 miles from every master city","2665560"
"Michigan","East Lansing","USA","42.748913","-84.482442","49355","Grand Rapids","Michigan","61.2","50","2025 Census incorporated place population >= 20000 and > 50 miles from every master city","2624120"
"Texas","Huntsville","USA","30.700542","-95.55489","49088","Houston","Texas","64","50","2025 Census incorporated place population >= 20000 and > 50 miles from every master city","4835528"
"Mississippi","Hattiesburg","USA","31.307305","-89.317434","48802","Jackson","Mississippi","87.3","50","2025 Census incorporated place population >= 20000 and > 50 miles from every master city","2831020"
"Mississippi","Biloxi","USA","30.426663","-88.935762","48516","New Orleans","Louisiana","65","50","2025 Census incorporated place population >= 20000 and > 50 miles from every master city","2806220"
"Arizona","Prescott","USA","34.592241","-112.446733","48420","Phoenix","Arizona","73.4","50","2025 Census incorporated place population >= 20000 and > 50 miles from every master city","0457380"
"Ohio","Mansfield","USA","40.76672","-82.53082","47381","Akron","Ohio","57","50","2025 Census incorporated place population >= 20000 and > 50 miles from every master city","3947138"
"North Dakota","Minot","USA","48.236125","-101.277533","47308","Fargo","North Dakota","228","50","2025 Census incorporated place population >= 20000 and > 50 miles from every master city","3853380"
"New Mexico","Roswell","USA","33.373442","-104.529393","46878","El Paso","Texas","152.8","50","2025 Census incorporated place population >= 20000 and > 50 miles from every master city","3564930"
"Louisiana","Monroe","USA","32.518986","-92.07718","46860","Jackson","Mississippi","109.6","50","2025 Census incorporated place population >= 20000 and > 50 miles from every master city","2251410"
"Minnesota","Mankato","USA","44.171126","-93.975048","46529","Minneapolis","Minnesota","64.9","50","2025 Census incorporated place population >= 20000 and > 50 miles from every master city","2739878"
"Kansas","Salina","USA","38.813085","-97.614477","46094","Wichita","Kansas","78.9","50","2025 Census incorporated place population >= 20000 and > 50 miles from every master city","2062700"
"New Mexico","Farmington","USA","36.753833","-108.18053","46055","Albuquerque","New Mexico","142.6","50","2025 Census incorporated place population >= 20000 and > 50 miles from every master city","3525800"
"Indiana","West Lafayette","USA","40.443707","-86.923616","45747","Indianapolis","Indiana","61.7","50","2025 Census incorporated place population >= 20000 and > 50 miles from every master city","1882862"
"California","Coachella","USA","33.69038","-116.143128","45411","Riverside","California","73.8","50","2025 Census incorporated place population >= 20000 and > 50 miles from every master city","0614260"
"Virginia","Blacksburg","USA","37.231264","-80.426745","45104","Winston-Salem","North Carolina","78.5","50","2025 Census incorporated place population >= 20000 and > 50 miles from every master city","5107784"
"Arizona","Sierra Vista","USA","31.56541","-110.314508","44907","Tucson","Arizona","52.1","50","2025 Census incorporated place population >= 20000 and > 50 miles from every master city","0466820"
"Wisconsin","Fond du Lac","USA","43.772182","-88.440264","44541","Milwaukee","Wisconsin","54.4","50","2025 Census incorporated place population >= 20000 and > 50 miles from every master city","5526275"
"Virginia","Charlottesville","USA","38.037658","-78.485381","44388","Richmond","Virginia","65.3","50","2025 Census incorporated place population >= 20000 and > 50 miles from every master city","5114968"
"California","El Centro","USA","32.786351","-115.560206","44382","San Diego","California","90.7","50","2025 Census incorporated place population >= 20000 and > 50 miles from every master city","0621782"
"Maryland","Hagerstown","USA","39.637986","-77.723252","44228","Harrisburg","Pennsylvania","62.6","50","2025 Census incorporated place population >= 20000 and > 50 miles from every master city","2436075"
"Arizona","Bullhead City","USA","35.127371","-114.55599","43987","Las Vegas","Nevada","86.1","50","2025 Census incorporated place population >= 20000 and > 50 miles from every master city","0408220"
"California","Lompoc","USA","34.662689","-120.470837","43315","Oxnard","California","78.8","50","2025 Census incorporated place population >= 20000 and > 50 miles from every master city","0642524"
"Louisiana","Alexandria","USA","31.293449","-92.470189","42938","Baton Rouge","Louisiana","98.8","50","2025 Census incorporated place population >= 20000 and > 50 miles from every master city","2200975"
"Michigan","Saginaw","USA","43.417678","-83.954716","42863","Detroit","Michigan","83.5","50","2025 Census incorporated place population >= 20000 and > 50 miles from every master city","2670520"
"Michigan","Midland","USA","43.624796","-84.231984","42806","Grand Rapids","Michigan","85","50","2025 Census incorporated place population >= 20000 and > 50 miles from every master city","2653780"
"Iowa","Marion","USA","42.044596","-91.58616","42732","Des Moines","Iowa","109.2","50","2025 Census incorporated place population >= 20000 and > 50 miles from every master city","1949485"
"Alabama","Florence","USA","34.82981","-87.662202","42581","Huntsville","Alabama","56.7","50","2025 Census incorporated place population >= 20000 and > 50 miles from every master city","0126896"
"Missouri","Jefferson City","USA","38.567461","-92.175254","42489","St. Louis","Missouri","104.4","50","2025 Census incorporated place population >= 20000 and > 50 miles from every master city","2937000"
"Illinois","Moline","USA","41.482333","-90.493407","42362","Madison","Wisconsin","123.5","50","2025 Census incorporated place population >= 20000 and > 50 miles from every master city","1749867"
"Pennsylvania","Altoona","USA","40.508052","-78.401114","42347","Harrisburg","Pennsylvania","81.4","50","2025 Census incorporated place population >= 20000 and > 50 miles from every master city","4202184"
"Arizona","San Luis","USA","32.485678","-114.721947","42030","San Diego","California","141.6","50","2025 Census incorporated place population >= 20000 and > 50 miles from every master city","0463470"
"Utah","Cedar City","USA","37.683847","-113.095566","41871","Las Vegas","Nevada","156.1","50","2025 Census incorporated place population >= 20000 and > 50 miles from every master city","4911320"
"Iowa","Cedar Falls","USA","42.51907","-92.454009","41240","Des Moines","Iowa","88.3","50","2025 Census incorporated place population >= 20000 and > 50 miles from every master city","1911755"
"South Carolina","Florence","USA","34.178923","-79.792217","41231","Columbia","South Carolina","64.4","50","2025 Census incorporated place population >= 20000 and > 50 miles from every master city","4525810"
"Missouri","Cape Girardeau","USA","37.309389","-89.558359","40977","St. Louis","Missouri","99","50","2025 Census incorporated place population >= 20000 and > 50 miles from every master city","2911242"
"South Carolina","Myrtle Beach","USA","33.71039","-78.886024","40937","Charleston","South Carolina","87.5","50","2025 Census incorporated place population >= 20000 and > 50 miles from every master city","4549075"
"New Mexico","Hobbs","USA","32.729089","-103.160588","40863","El Paso","Texas","200.5","50","2025 Census incorporated place population >= 20000 and > 50 miles from every master city","3532520"
"Pennsylvania","State College","USA","40.791039","-77.856813","40844","Harrisburg","Pennsylvania","62.2","50","2025 Census incorporated place population >= 20000 and > 50 miles from every master city","4273808"
"Iowa","Bettendorf","USA","41.566796","-90.476798","40710","Madison","Wisconsin","117.9","50","2025 Census incorporated place population >= 20000 and > 50 miles from every master city","1906355"
"Texas","Weatherford","USA","32.755397","-97.765731","40634","Dallas","Texas","58.1","50","2025 Census incorporated place population >= 20000 and > 50 miles from every master city","4876864"
"Alabama","Prattville","USA","32.449041","-86.449401","40582","Birmingham","Alabama","77.2","50","2025 Census incorporated place population >= 20000 and > 50 miles from every master city","0162328"
"Illinois","DeKalb","USA","41.928186","-88.747585","40467","Chicago","Illinois","55","50","2025 Census incorporated place population >= 20000 and > 50 miles from every master city","1719161"
"Idaho","Rexburg","USA","43.822893","-111.790988","40334","Ogden","Utah","179.5","50","2025 Census incorporated place population >= 20000 and > 50 miles from every master city","1667420"
"Wisconsin","Wausau","USA","44.961766","-89.646538","40188","Madison","Wisconsin","129.9","50","2025 Census incorporated place population >= 20000 and > 50 miles from every master city","5584475"
"Illinois","Urbana","USA","40.110126","-88.197323","39719","Indianapolis","Indiana","111.1","50","2025 Census incorporated place population >= 20000 and > 50 miles from every master city","1777005"
"California","La Quinta","USA","33.641767","-116.273943","39440","Riverside","California","67.5","50","2025 Census incorporated place population >= 20000 and > 50 miles from every master city","0640354"
"Oregon","Grants Pass","USA","42.432313","-123.331772","39239","Portland","Oregon","217.2","50","2025 Census incorporated place population >= 20000 and > 50 miles from every master city","4130550"
"Georgia","Rome","USA","34.266133","-85.186052","38934","Chattanooga","Tennessee","55.4","50","2025 Census incorporated place population >= 20000 and > 50 miles from every master city","1366668"
"Illinois","Quincy","USA","39.933675","-91.379304","38918","St. Louis","Missouri","108.3","50","2025 Census incorporated place population >= 20000 and > 50 miles from every master city","1762367"
"New Jersey","Atlantic City","USA","39.377337","-74.45107","38787","Philadelphia","Pennsylvania","56.8","50","2025 Census incorporated place population >= 20000 and > 50 miles from every master city","3402080"
"California","Calexico","USA","32.684859","-115.494738","38623","San Diego","California","95","50","2025 Census incorporated place population >= 20000 and > 50 miles from every master city","0609710"
"Oregon","Redmond","USA","44.260694","-121.182425","38547","Portland","Oregon","113.7","50","2025 Census incorporated place population >= 20000 and > 50 miles from every master city","4161200"
"Alabama","Phenix City","USA","32.453709","-85.031019","38344","Atlanta","Georgia","97.1","50","2025 Census incorporated place population >= 20000 and > 50 miles from every master city","0159472"
"Tennessee","Cookeville","USA","36.146926","-85.512653","38212","Nashville","Tennessee","71","50","2025 Census incorporated place population >= 20000 and > 50 miles from every master city","4716920"
"South Carolina","Hilton Head Island","USA","32.190307","-80.738434","38196","Charleston","South Carolina","62.7","50","2025 Census incorporated place population >= 20000 and > 50 miles from every master city","4534045"
"Mississippi","Tupelo","USA","34.270604","-88.732455","38087","Memphis","Tennessee","91","50","2025 Census incorporated place population >= 20000 and > 50 miles from every master city","2874840"
"Florida","Panama City","USA","30.239496","-85.530292","37806","Pensacola","Florida","100","50","2025 Census incorporated place population >= 20000 and > 50 miles from every master city","1254700"
"New Mexico","Clovis","USA","34.438569","-103.194194","37127","Albuquerque","New Mexico","201.3","50","2025 Census incorporated place population >= 20000 and > 50 miles from every master city","3516420"
"Utah","Washington","USA","37.126676","-113.487759","37107","Las Vegas","Nevada","116.2","50","2025 Census incorporated place population >= 20000 and > 50 miles from every master city","4981960"
"South Carolina","Bluffton","USA","32.214449","-80.929528","36807","Charleston","South Carolina","70","50","2025 Census incorporated place population >= 20000 and > 50 miles from every master city","4507210"
"Georgia","Hinesville","USA","31.823673","-81.607933","36674","Jacksonville","Florida","102.8","50","2025 Census incorporated place population >= 20000 and > 50 miles from every master city","1338964"
"Illinois","Rock Island","USA","41.469444","-90.585307","36225","Madison","Wisconsin","126.5","50","2025 Census incorporated place population >= 20000 and > 50 miles from every master city","1765078"
"Texas","Texarkana","USA","33.449204","-94.085008","36195","Little Rock","Arkansas","132.4","50","2025 Census incorporated place population >= 20000 and > 50 miles from every master city","4872368"
"Arizona","Kingman","USA","35.216992","-114.010529","35829","Las Vegas","Nevada","99.4","50","2025 Census incorporated place population >= 20000 and > 50 miles from every master city","0437620"
"Alabama","Opelika","USA","32.660739","-85.37889","35765","Atlanta","Georgia","94.1","50","2025 Census incorporated place population >= 20000 and > 50 miles from every master city","0157048"
"North Carolina","Leland","USA","34.213736","-78.043181","35731","Raleigh","North Carolina","116.8","50","2025 Census incorporated place population >= 20000 and > 50 miles from every master city","3737680"
"Washington","Wenatchee","USA","47.435985","-120.329266","35547","Seattle","Washington","95.2","50","2025 Census incorporated place population >= 20000 and > 50 miles from every master city","5377105"
"Montana","Butte-Silver Bow (balance)","USA","45.896232","-112.660071","35469","Billings","Montana","197.8","50","2025 Census incorporated place population >= 20000 and > 50 miles from every master city","3011397"
"Georgia","Statesboro","USA","32.437726","-81.775637","35366","Augusta","Georgia","66.4","50","2025 Census incorporated place population >= 20000 and > 50 miles from every master city","1373256"
"Washington","Mount Vernon","USA","48.417071","-122.311832","35193","Seattle","Washington","55.1","50","2025 Census incorporated place population >= 20000 and > 50 miles from every master city","5347560"
"Montana","Helena","USA","46.595465","-112.018746","35138","Billings","Montana","174.9","50","2025 Census incorporated place population >= 20000 and > 50 miles from every master city","3035600"
"Nebraska","Kearney","USA","40.701745","-99.082312","34782","Omaha","Nebraska","162.7","50","2025 Census incorporated place population >= 20000 and > 50 miles from every master city","3125055"
"Georgia","LaGrange","USA","33.02698","-85.038261","34730","Atlanta","Georgia","62","50","2025 Census incorporated place population >= 20000 and > 50 miles from every master city","1344340"
"North Carolina","New Bern","USA","35.092713","-77.071774","34724","Raleigh","North Carolina","102","50","2025 Census incorporated place population >= 20000 and > 50 miles from every master city","3746340"
"Idaho","Lewiston","USA","46.39313","-116.993472","34717","Spokane","Washington","90.4","50","2025 Census incorporated place population >= 20000 and > 50 miles from every master city","1646540"
"Ohio","Lima","USA","40.740679","-84.112091","34695","Dayton","Ohio","66.2","50","2025 Census incorporated place population >= 20000 and > 50 miles from every master city","3943554"
"Wisconsin","Manitowoc","USA","44.097981","-87.678945","34671","Milwaukee","Wisconsin","72.9","50","2025 Census incorporated place population >= 20000 and > 50 miles from every master city","5548500"
"Indiana","Goshen","USA","41.573884","-85.829986","34525","Grand Rapids","Michigan","96.3","50","2025 Census incorporated place population >= 20000 and > 50 miles from every master city","1828386"
"Texas","Del Rio","USA","29.373045","-100.881851","34496","San Antonio","Texas","142","50","2025 Census incorporated place population >= 20000 and > 50 miles from every master city","4819792"
"Texas","Lufkin","USA","31.322904","-94.729026","34350","Houston","Texas","113.2","50","2025 Census incorporated place population >= 20000 and > 50 miles from every master city","4845072"
"Washington","Walla Walla","USA","46.067006","-118.337033","34058","Spokane","Washington","118.5","50","2025 Census incorporated place population >= 20000 and > 50 miles from every master city","5375775"
"Wyoming","Gillette","USA","44.27258","-105.498936","34024","Billings","Montana","182.2","50","2025 Census incorporated place population >= 20000 and > 50 miles from every master city","5631855"
"Maryland","Salisbury","USA","38.375198","-75.586555","33845","Baltimore","Maryland","84.4","50","2025 Census incorporated place population >= 20000 and > 50 miles from every master city","2469925"
"Washington","Pullman","USA","46.733126","-117.168277","33756","Spokane","Washington","65.7","50","2025 Census incorporated place population >= 20000 and > 50 miles from every master city","5356625"
"Mississippi","Meridian","USA","32.38417","-88.689448","33370","Jackson","Mississippi","89","50","2025 Census incorporated place population >= 20000 and > 50 miles from every master city","2846640"
"Alabama","Gadsden","USA","34.006597","-86.016078","33367","Birmingham","Alabama","55.8","50","2025 Census incorporated place population >= 20000 and > 50 miles from every master city","0128696"
"Georgia","Pooler","USA","32.105635","-81.256032","32744","Charleston","South Carolina","89.9","50","2025 Census incorporated place population >= 20000 and > 50 miles from every master city","1362104"
"New Mexico","Carlsbad","USA","32.40079","-104.241012","32524","El Paso","Texas","133.7","50","2025 Census incorporated place population >= 20000 and > 50 miles from every master city","3512150"
"Maine","Bangor","USA","44.829625","-68.788767","32518","Portland","Maine","107.8","50","2025 Census incorporated place population >= 20000 and > 50 miles from every master city","2302795"
"Texas","Nacogdoches","USA","31.612364","-94.652046","32500","Houston","Texas","133.6","50","2025 Census incorporated place population >= 20000 and > 50 miles from every master city","4850256"
"New Mexico","Alamogordo","USA","32.883619","-105.963607","31906","El Paso","Texas","76.6","50","2025 Census incorporated place population >= 20000 and > 50 miles from every master city","3501780"
"Michigan","Bay City","USA","43.590062","-83.888421","31868","Detroit","Michigan","92.4","50","2025 Census incorporated place population >= 20000 and > 50 miles from every master city","2606020"
"Montana","Kalispell","USA","48.216152","-114.327645","31851","Spokane","Washington","148.7","50","2025 Census incorporated place population >= 20000 and > 50 miles from every master city","3040075"
"Louisiana","Houma","USA","29.578681","-90.708023","31735","New Orleans","Louisiana","56.8","50","2025 Census incorporated place population >= 20000 and > 50 miles from every master city","2236255"
"California","El Paso de Robles (Paso Robles)","USA","35.628513","-120.650356","31626","Bakersfield","California","92.7","50","2025 Census incorporated place population >= 20000 and > 50 miles from every master city","0622300"
"Alaska","Juneau","USA","58.37291","-134.178445","31609","Anchorage","Alaska","558.4","50","2025 Census incorporated place population >= 20000 and > 50 miles from every master city","0236400"
"Alaska","Fairbanks","USA","64.836531","-147.651745","31468","Anchorage","Alaska","258.1","50","2025 Census incorporated place population >= 20000 and > 50 miles from every master city","0224230"
"Illinois","Pekin","USA","40.568783","-89.624017","31277","Chicago","Illinois","133.6","50","2025 Census incorporated place population >= 20000 and > 50 miles from every master city","1758447"
"Alabama","Enterprise","USA","31.325529","-85.846071","31211","Pensacola","Florida","100.5","50","2025 Census incorporated place population >= 20000 and > 50 miles from every master city","0124184"
"Arkansas","Paragould","USA","36.052289","-90.510464","31135","Memphis","Tennessee","71.9","50","2025 Census incorporated place population >= 20000 and > 50 miles from every master city","0553390"
"Michigan","Jackson","USA","42.243441","-84.404858","31022","Toledo","Ohio","58.2","50","2025 Census incorporated place population >= 20000 and > 50 miles from every master city","2641420"
"South Carolina","Conway","USA","33.834533","-79.049173","30627","Charleston","South Carolina","87.6","50","2025 Census incorporated place population >= 20000 and > 50 miles from every master city","4516405"
"Kentucky","Hopkinsville","USA","36.839284","-87.473544","30411","Nashville","Tennessee","59.9","50","2025 Census incorporated place population >= 20000 and > 50 miles from every master city","2137918"
"West Virginia","Morgantown","USA","39.637487","-79.946856","30293","Pittsburgh","Pennsylvania","55.5","50","2025 Census incorporated place population >= 20000 and > 50 miles from every master city","5455756"
"North Dakota","Williston","USA","48.189496","-103.649117","29522","Billings","Montana","284.4","50","2025 Census incorporated place population >= 20000 and > 50 miles from every master city","3886220"
"Arkansas","Russellville","USA","35.276876","-93.137515","29521","Little Rock","Arkansas","58.3","50","2025 Census incorporated place population >= 20000 and > 50 miles from every master city","0561670"
"California","Atascadero","USA","35.485718","-120.687942","29464","Bakersfield","California","93.4","50","2025 Census incorporated place population >= 20000 and > 50 miles from every master city","0603064"
"Michigan","Burton","USA","43.000745","-83.618151","29313","Detroit","Michigan","50.1","50","2025 Census incorporated place population >= 20000 and > 50 miles from every master city","2612060"
"Arkansas","Texarkana","USA","33.436339","-93.987118","29123","Little Rock","Arkansas","128.9","50","2025 Census incorporated place population >= 20000 and > 50 miles from every master city","0568810"
"Texas","Eagle Pass","USA","28.701071","-100.476229","28926","San Antonio","Texas","129.1","50","2025 Census incorporated place population >= 20000 and > 50 miles from every master city","4821892"
"West Virginia","Parkersburg","USA","39.261278","-81.54335","28593","Charleston","West Virginia","63.2","50","2025 Census incorporated place population >= 20000 and > 50 miles from every master city","5462140"
"Illinois","Galesburg","USA","40.950217","-90.376564","28581","Chicago","Illinois","152.4","50","2025 Census incorporated place population >= 20000 and > 50 miles from every master city","1728326"
"California","Ridgecrest","USA","35.628542","-117.663992","28333","Bakersfield","California","79.6","50","2025 Census incorporated place population >= 20000 and > 50 miles from every master city","0660704"
"Michigan","Port Huron","USA","42.993766","-82.433743","28273","Detroit","Michigan","54.2","50","2025 Census incorporated place population >= 20000 and > 50 miles from every master city","2665820"
"Virginia","Winchester","USA","39.173869","-78.176356","28272","Washington","District of Columbia","65","50","2025 Census incorporated place population >= 20000 and > 50 miles from every master city","5186720"
"Indiana","Marion","USA","40.549986","-85.66042","28234","Indianapolis","Indiana","59.3","50","2025 Census incorporated place population >= 20000 and > 50 miles from every master city","1846908"
"Illinois","Danville","USA","40.142628","-87.610707","28138","Indianapolis","Indiana","81.6","50","2025 Census incorporated place population >= 20000 and > 50 miles from every master city","1718563"
"Tennessee","Bristol","USA","36.558549","-82.217001","28107","Knoxville","Tennessee","104.7","50","2025 Census incorporated place population >= 20000 and > 50 miles from every master city","4708540"
"Washington","Tumwater","USA","46.989463","-122.917277","28010","Seattle","Washington","51","50","2025 Census incorporated place population >= 20000 and > 50 miles from every master city","5372905"
"California","Brawley","USA","32.978454","-115.528569","28008","San Diego","California","92.9","50","2025 Census incorporated place population >= 20000 and > 50 miles from every master city","0608058"
"South Dakota","Aberdeen","USA","45.464678","-98.468104","27961","Fargo","North Dakota","124.5","50","2025 Census incorporated place population >= 20000 and > 50 miles from every master city","4600100"
"Kentucky","Henderson","USA","37.838416","-87.580971","27822","Louisville","Kentucky","103.7","50","2025 Census incorporated place population >= 20000 and > 50 miles from every master city","2135866"
"Texas","Lake Jackson","USA","29.050864","-95.45123","27803","Houston","Texas","50.9","50","2025 Census incorporated place population >= 20000 and > 50 miles from every master city","4840588"
"New York","Jamestown","USA","42.097603","-79.236135","27663","Buffalo","New York","58.2","50","2025 Census incorporated place population >= 20000 and > 50 miles from every master city","3638264"
"Kansas","Dodge City","USA","37.76067","-100.017863","27653","Wichita","Kansas","146.1","50","2025 Census incorporated place population >= 20000 and > 50 miles from every master city","2018250"
"Wisconsin","Neenah","USA","44.164925","-88.479628","27638","Milwaukee","Wisconsin","80.3","50","2025 Census incorporated place population >= 20000 and > 50 miles from every master city","5555750"
"Washington","Moses Lake","USA","47.12785","-119.276384","27469","Spokane","Washington","93.9","50","2025 Census incorporated place population >= 20000 and > 50 miles from every master city","5347245"
"Kansas","Garden City","USA","37.975876","-100.850884","27402","Wichita","Kansas","192.3","50","2025 Census incorporated place population >= 20000 and > 50 miles from every master city","2025325"
"Pennsylvania","Williamsport","USA","41.240019","-77.035591","27384","Harrisburg","Pennsylvania","67.1","50","2025 Census incorporated place population >= 20000 and > 50 miles from every master city","4285312"
"Iowa","Mason City","USA","43.147762","-93.200403","26853","Des Moines","Iowa","110.8","50","2025 Census incorporated place population >= 20000 and > 50 miles from every master city","1950160"
"Texas","Denison","USA","33.766936","-96.580667","26822","Dallas","Texas","68.1","50","2025 Census incorporated place population >= 20000 and > 50 miles from every master city","4819900"
"Virginia","Staunton","USA","38.157978","-79.061876","26801","Richmond","Virginia","96.8","50","2025 Census incorporated place population >= 20000 and > 50 miles from every master city","5175216"
"Mississippi","Oxford","USA","34.351262","-89.536981","26773","Memphis","Tennessee","57.8","50","2025 Census incorporated place population >= 20000 and > 50 miles from every master city","2854840"
"Kentucky","Paducah","USA","37.070892","-88.644477","26730","Nashville","Tennessee","120.4","50","2025 Census incorporated place population >= 20000 and > 50 miles from every master city","2158836"
"Idaho","Moscow","USA","46.730609","-116.998909","26721","Spokane","Washington","67.8","50","2025 Census incorporated place population >= 20000 and > 50 miles from every master city","1654550"
"Minnesota","Austin","USA","43.672098","-92.977863","26689","Minneapolis","Minnesota","90.4","50","2025 Census incorporated place population >= 20000 and > 50 miles from every master city","2702908"
"Nebraska","Norfolk","USA","42.028216","-97.427807","26677","Omaha","Nebraska","88.5","50","2025 Census incorporated place population >= 20000 and > 50 miles from every master city","3134615"
"Minnesota","Owatonna","USA","44.091904","-93.231715","26633","Minneapolis","Minnesota","60.2","50","2025 Census incorporated place population >= 20000 and > 50 miles from every master city","2749300"
"Louisiana","New Iberia","USA","30.005493","-91.820307","26533","Baton Rouge","Louisiana","51","50","2025 Census incorporated place population >= 20000 and > 50 miles from every master city","2254035"
"Minnesota","Winona","USA","44.051271","-91.668076","26530","Minneapolis","Minnesota","100.9","50","2025 Census incorporated place population >= 20000 and > 50 miles from every master city","2771032"
"Mississippi","Greenville","USA","33.383461","-91.052314","26530","Jackson","Mississippi","88.4","50","2025 Census incorporated place population >= 20000 and > 50 miles from every master city","2829180"
"Wisconsin","Superior","USA","46.692119","-92.080356","26397","Minneapolis","Minnesota","132.4","50","2025 Census incorporated place population >= 20000 and > 50 miles from every master city","5578650"
"Wisconsin","Stevens Point","USA","44.5253","-89.550377","26377","Madison","Wisconsin","99.5","50","2025 Census incorporated place population >= 20000 and > 50 miles from every master city","5577200"
"California","Soledad","USA","36.434522","-121.317759","26357","San Jose","California","65.6","50","2025 Census incorporated place population >= 20000 and > 50 miles from every master city","0672520"
"New York","Elmira","USA","42.093388","-76.80961","26089","Syracuse","New York","73.7","50","2025 Census incorporated place population >= 20000 and > 50 miles from every master city","3624229"
"California","Twentynine Palms","USA","34.147804","-116.065991","25939","Riverside","California","77.4","50","2025 Census incorporated place population >= 20000 and > 50 miles from every master city","0680994"
"North Dakota","Dickinson","USA","46.89278","-102.79596","25870","Fargo","North Dakota","281.7","50","2025 Census incorporated place population >= 20000 and > 50 miles from every master city","3819620"
"California","Windsor","USA","38.542099","-122.808613","25864","San Francisco","California","57.6","50","2025 Census incorporated place population >= 20000 and > 50 miles from every master city","0685922"
"Virginia","Salem","USA","37.285333","-80.055241","25816","Winston-Salem","North Carolina","82.5","50","2025 Census incorporated place population >= 20000 and > 50 miles from every master city","5170000"
"Mississippi","Starkville","USA","33.463261","-88.827796","25754","Jackson","Mississippi","112.9","50","2025 Census incorporated place population >= 20000 and > 50 miles from every master city","2870240"
"Utah","Hurricane","USA","37.148473","-113.358862","25745","Las Vegas","Nevada","123","50","2025 Census incorporated place population >= 20000 and > 50 miles from every master city","4937170"
"Illinois","Woodstock","USA","42.30946","-88.435291","25740","Chicago","Illinois","50.5","50","2025 Census incorporated place population >= 20000 and > 50 miles from every master city","1783349"
"Georgia","Perry","USA","32.473708","-83.727809","25699","Atlanta","Georgia","97.7","50","2025 Census incorporated place population >= 20000 and > 50 miles from every master city","1360340"
"Wisconsin","De Pere","USA","44.43099","-88.079936","25590","Milwaukee","Wisconsin","94.7","50","2025 Census incorporated place population >= 20000 and > 50 miles from every master city","5519775"
"Texas","Kerrville","USA","30.038317","-99.131069","25578","San Antonio","Texas","53.9","50","2025 Census incorporated place population >= 20000 and > 50 miles from every master city","4839040"
"Texas","Corsicana","USA","32.082404","-96.4667","25487","Dallas","Texas","52.1","50","2025 Census incorporated place population >= 20000 and > 50 miles from every master city","4817060"
"Illinois","Belvidere","USA","42.265448","-88.887758","25462","Madison","Wisconsin","63.1","50","2025 Census incorporated place population >= 20000 and > 50 miles from every master city","1705092"
"South Dakota","Brookings","USA","44.303364","-96.787339","25355","Sioux Falls","South Dakota","52.8","50","2025 Census incorporated place population >= 20000 and > 50 miles from every master city","4607580"
"Iowa","Ottumwa","USA","41.022251","-92.423263","25319","Des Moines","Iowa","72.4","50","2025 Census incorporated place population >= 20000 and > 50 miles from every master city","1960465"
"Ohio","Athens","USA","39.326286","-82.100187","25313","Columbus","Ohio","65.5","50","2025 Census incorporated place population >= 20000 and > 50 miles from every master city","3902736"
"California","Eureka","USA","40.797594","-124.154191","25304","Sacramento","California","210.1","50","2025 Census incorporated place population >= 20000 and > 50 miles from every master city","0623042"
"Nebraska","Columbus","USA","41.437087","-97.358615","25248","Omaha","Nebraska","68.8","50","2025 Census incorporated place population >= 20000 and > 50 miles from every master city","3110110"
"Arizona","Florence","USA","33.069367","-111.413992","25222","Phoenix","Arizona","52.3","50","2025 Census incorporated place population >= 20000 and > 50 miles from every master city","0423760"
"Texas","Paris","USA","33.668929","-95.546616","25205","Dallas","Texas","92.9","50","2025 Census incorporated place population >= 20000 and > 50 miles from every master city","4855080"
"Ohio","Zanesville","USA","39.957027","-82.011954","25138","Columbus","Ohio","51.6","50","2025 Census incorporated place population >= 20000 and > 50 miles from every master city","3988084"
"Nebraska","Hastings","USA","40.596264","-98.39032","25121","Omaha","Nebraska","130.4","50","2025 Census incorporated place population >= 20000 and > 50 miles from every master city","3121415"
"North Dakota","Mandan","USA","46.829484","-100.88706","25061","Fargo","North Dakota","191.8","50","2025 Census incorporated place population >= 20000 and > 50 miles from every master city","3849900"
"Florida","Key West","USA","24.565063","-81.775539","24999","Miami","Florida","128.8","50","2025 Census incorporated place population >= 20000 and > 50 miles from every master city","1236550"
"Oklahoma","Ardmore","USA","34.196507","-97.131848","24956","Oklahoma City","Oklahoma","90.4","50","2025 Census incorporated place population >= 20000 and > 50 miles from every master city","4002600"
"Iowa","Fort Dodge","USA","42.509863","-94.175675","24837","Des Moines","Iowa","71","50","2025 Census incorporated place population >= 20000 and > 50 miles from every master city","1928515"
"California","Barstow","USA","34.866987","-117.043035","24804","Riverside","California","67.2","50","2025 Census incorporated place population >= 20000 and > 50 miles from every master city","0604030"
"Texas","Kingsville","USA","27.509201","-97.861028","24687","McAllen","Texas","91.9","50","2025 Census incorporated place population >= 20000 and > 50 miles from every master city","4839352"
"Texas","Marshall","USA","32.539159","-94.353173","24467","Dallas","Texas","141.5","50","2025 Census incorporated place population >= 20000 and > 50 miles from every master city","4846776"
"Arkansas","Searcy","USA","35.241134","-91.735223","24351","Little Rock","Arkansas","50.1","50","2025 Census incorporated place population >= 20000 and > 50 miles from every master city","0563020"
"Oklahoma","Ponca City","USA","36.72039","-97.06601","24225","Wichita","Kansas","68.8","50","2025 Census incorporated place population >= 20000 and > 50 miles from every master city","4059850"
"Kansas","Emporia","USA","38.40186","-96.191654","24137","Wichita","Kansas","79.7","50","2025 Census incorporated place population >= 20000 and > 50 miles from every master city","2021275"
"Iowa","Clinton","USA","41.842365","-90.242816","24049","Madison","Wisconsin","95.5","50","2025 Census incorporated place population >= 20000 and > 50 miles from every master city","1914430"
"Nevada","Mesquite","USA","36.81112","-114.125652","24001","Las Vegas","Nevada","74.8","50","2025 Census incorporated place population >= 20000 and > 50 miles from every master city","3246000"
"Iowa","Coralville","USA","41.698795","-91.5968","23960","Des Moines","Iowa","104.3","50","2025 Census incorporated place population >= 20000 and > 50 miles from every master city","1916230"
"Virginia","Waynesboro","USA","38.067157","-78.90142","23951","Richmond","Virginia","86.2","50","2025 Census incorporated place population >= 20000 and > 50 miles from every master city","5183680"
"South Dakota","Watertown","USA","44.909188","-97.155685","23736","Sioux Falls","South Dakota","96.9","50","2025 Census incorporated place population >= 20000 and > 50 miles from every master city","4669300"
"Illinois","Loves Park","USA","42.337843","-88.998649","23712","Madison","Wisconsin","56.3","50","2025 Census incorporated place population >= 20000 and > 50 miles from every master city","1745031"
"Oregon","Roseburg","USA","43.223604","-123.352037","23693","Portland","Oregon","163.6","50","2025 Census incorporated place population >= 20000 and > 50 miles from every master city","4163650"
"New York","Watertown","USA","43.973292","-75.910039","23517","Syracuse","New York","65.5","50","2025 Census incorporated place population >= 20000 and > 50 miles from every master city","3678608"
"Illinois","Kankakee","USA","41.101654","-87.86369","23400","Chicago","Illinois","51.6","50","2025 Census incorporated place population >= 20000 and > 50 miles from every master city","1738934"
"Iowa","Burlington","USA","40.807102","-91.123676","23336","Des Moines","Iowa","139.7","50","2025 Census incorporated place population >= 20000 and > 50 miles from every master city","1909550"
"Oklahoma","Duncan","USA","34.481607","-97.960537","23238","Oklahoma City","Oklahoma","72.6","50","2025 Census incorporated place population >= 20000 and > 50 miles from every master city","4021900"
"Illinois","Freeport","USA","42.289011","-89.634265","23202","Madison","Wisconsin","56.2","50","2025 Census incorporated place population >= 20000 and > 50 miles from every master city","1727884"
"Iowa","Muscatine","USA","41.419058","-91.067946","23164","Des Moines","Iowa","132","50","2025 Census incorporated place population >= 20000 and > 50 miles from every master city","1955110"
"Wyoming","Rock Springs","USA","41.594705","-109.220921","22936","Ogden","Utah","144.6","50","2025 Census incorporated place population >= 20000 and > 50 miles from every master city","5667235"
"Illinois","Machesney Park","USA","42.367658","-89.024544","22805","Madison","Wisconsin","53.8","50","2025 Census incorporated place population >= 20000 and > 50 miles from every master city","1745726"
"Mississippi","Columbus","USA","33.508208","-88.407128","22792","Birmingham","Alabama","92.8","50","2025 Census incorporated place population >= 20000 and > 50 miles from every master city","2815380"
"California","American Canyon","USA","38.179033","-122.259602","22773","Sacramento","California","50.6","50","2025 Census incorporated place population >= 20000 and > 50 miles from every master city","0601640"
"Missouri","Sedalia","USA","38.705239","-93.235819","22621","Kansas City","Missouri","76.4","50","2025 Census incorporated place population >= 20000 and > 50 miles from every master city","2966440"
"Indiana","La Porte","USA","41.610876","-86.714837","22600","Chicago","Illinois","52.4","50","2025 Census incorporated place population >= 20000 and > 50 miles from every master city","1842246"
"Kansas","Junction City","USA","39.02722","-96.852271","22583","Wichita","Kansas","96.1","50","2025 Census incorporated place population >= 20000 and > 50 miles from every master city","2035750"
"Nebraska","North Platte","USA","41.12496","-100.750359","22524","Cheyenne","Wyoming","210.7","50","2025 Census incorporated place population >= 20000 and > 50 miles from every master city","3135000"
"Florida","Lynn Haven","USA","30.233571","-85.636917","22479","Pensacola","Florida","93.8","50","2025 Census incorporated place population >= 20000 and > 50 miles from every master city","1241825"
"Indiana","Seymour","USA","38.946847","-85.88918","22450","Louisville","Kentucky","50.5","50","2025 Census incorporated place population >= 20000 and > 50 miles from every master city","1868832"
"Virginia","Christiansburg","USA","37.140663","-80.404512","22442","Winston-Salem","North Carolina","72.1","50","2025 Census incorporated place population >= 20000 and > 50 miles from every master city","5116608"
"Louisiana","Ruston","USA","32.532986","-92.635327","22397","Jackson","Mississippi","142.1","50","2025 Census incorporated place population >= 20000 and > 50 miles from every master city","2266655"
"California","Imperial","USA","32.838801","-115.572012","22330","San Diego","California","89.9","50","2025 Census incorporated place population >= 20000 and > 50 miles from every master city","0636280"
"Texas","Big Spring","USA","32.238341","-101.485739","22290","Killeen","Texas","234.9","50","2025 Census incorporated place population >= 20000 and > 50 miles from every master city","4808236"
"Wisconsin","Howard","USA","44.568621","-88.071724","22233","Milwaukee","Wisconsin","104.1","50","2025 Census incorporated place population >= 20000 and > 50 miles from every master city","5535950"
"Alabama","Oxford","USA","33.59641","-85.868219","22199","Birmingham","Alabama","53.7","50","2025 Census incorporated place population >= 20000 and > 50 miles from every master city","0157576"
"Oregon","Klamath Falls","USA","42.218845","-121.778718","22111","Reno","Nevada","210.2","50","2025 Census incorporated place population >= 20000 and > 50 miles from every master city","4139700"
"Illinois","East Peoria","USA","40.673377","-89.541764","22088","Chicago","Illinois","125.6","50","2025 Census incorporated place population >= 20000 and > 50 miles from every master city","1722164"
"Virginia","Culpeper","USA","38.470292","-77.999764","22074","Washington","District of Columbia","60.9","50","2025 Census incorporated place population >= 20000 and > 50 miles from every master city","5120752"
"Minnesota","Willmar","USA","45.121029","-95.058734","22001","Minneapolis","Minnesota","88.1","50","2025 Census incorporated place population >= 20000 and > 50 miles from every master city","2770420"
"Iowa","North Liberty","USA","41.743619","-91.611179","21976","Des Moines","Iowa","103.9","50","2025 Census incorporated place population >= 20000 and > 50 miles from every master city","1957360"
"Michigan","Marquette","USA","46.550698","-87.395833","21944","Milwaukee","Wisconsin","242.6","50","2025 Census incorporated place population >= 20000 and > 50 miles from every master city","2651900"
"California","Yucca Valley","USA","34.123347","-116.421557","21887","Riverside","California","57.1","50","2025 Census incorporated place population >= 20000 and > 50 miles from every master city","0687056"
"Illinois","Carbondale","USA","37.722062","-89.223664","21811","St. Louis","Missouri","84","50","2025 Census incorporated place population >= 20000 and > 50 miles from every master city","1711163"
"Texas","Stephenville","USA","32.214544","-98.219885","21793","Killeen","Texas","83.6","50","2025 Census incorporated place population >= 20000 and > 50 miles from every master city","4870208"
"Colorado","Montrose","USA","38.468783","-107.858959","21583","Colorado Springs","Colorado","169.4","50","2025 Census incorporated place population >= 20000 and > 50 miles from every master city","0851745"
"Oklahoma","Durant","USA","33.995153","-96.39254","21552","Dallas","Texas","85.8","50","2025 Census incorporated place population >= 20000 and > 50 miles from every master city","4022050"
"Mississippi","Pascagoula","USA","30.360067","-88.556327","21409","Pensacola","Florida","81.5","50","2025 Census incorporated place population >= 20000 and > 50 miles from every master city","2855360"
"South Carolina","North Myrtle Beach","USA","33.824512","-78.708694","21346","Charleston","South Carolina","100.3","50","2025 Census incorporated place population >= 20000 and > 50 miles from every master city","4551280"
"Washington","Ellensburg","USA","47.000124","-120.54954","21308","Seattle","Washington","94.6","50","2025 Census incorporated place population >= 20000 and > 50 miles from every master city","5321240"
"Tennessee","Tullahoma","USA","35.373311","-86.218277","21279","Huntsville","Alabama","53.4","50","2025 Census incorporated place population >= 20000 and > 50 miles from every master city","4775320"
"Kansas","Hays","USA","38.882156","-99.321975","21258","Wichita","Kansas","135.1","50","2025 Census incorporated place population >= 20000 and > 50 miles from every master city","2031100"
"California","Greenfield","USA","36.323977","-121.243699","21138","San Jose","California","74.2","50","2025 Census incorporated place population >= 20000 and > 50 miles from every master city","0630994"
"Nevada","Elko","USA","40.838111","-115.767809","21019","Boise","Idaho","192.2","50","2025 Census incorporated place population >= 20000 and > 50 miles from every master city","3222500"
"Kentucky","Ashland","USA","38.459492","-82.645081","20996","Charleston","West Virginia","55.4","50","2025 Census incorporated place population >= 20000 and > 50 miles from every master city","2102368"
"Alabama","Anniston","USA","33.673469","-85.810891","20930","Birmingham","Alabama","57.6","50","2025 Census incorporated place population >= 20000 and > 50 miles from every master city","0101852"
"Michigan","Mount Pleasant","USA","43.59671","-84.775972","20925","Grand Rapids","Michigan","62.3","50","2025 Census incorporated place population >= 20000 and > 50 miles from every master city","2656020"
"Oregon","Ashland","USA","42.192216","-122.69825","20889","Portland","Oregon","231.1","50","2025 Census incorporated place population >= 20000 and > 50 miles from every master city","4103050"
"New Jersey","Pleasantville","USA","39.388524","-74.509419","20853","Philadelphia","Pennsylvania","54.2","50","2025 Census incorporated place population >= 20000 and > 50 miles from every master city","3459640"
"Texas","Portland","USA","27.889048","-97.331598","20833","McAllen","Texas","128","50","2025 Census incorporated place population >= 20000 and > 50 miles from every master city","4858904"
"Missouri","Rolla","USA","37.94594","-91.761202","20588","St. Louis","Missouri","95.1","50","2025 Census incorporated place population >= 20000 and > 50 miles from every master city","2962912"
"Kansas","Pittsburg","USA","37.413564","-94.697998","20569","Springfield","Missouri","78.7","50","2025 Census incorporated place population >= 20000 and > 50 miles from every master city","2056025"
"Louisiana","Sulphur","USA","30.229792","-93.356343","20492","Houston","Texas","125.4","50","2025 Census incorporated place population >= 20000 and > 50 miles from every master city","2273640"
"Illinois","East Moline","USA","41.519867","-90.387949","20453","Madison","Wisconsin","118.9","50","2025 Census incorporated place population >= 20000 and > 50 miles from every master city","1722073"
"California","Oroville","USA","39.495151","-121.559937","20451","Sacramento","California","64.3","50","2025 Census incorporated place population >= 20000 and > 50 miles from every master city","0654386"
"Florida","Panama City Beach","USA","30.233151","-85.877116","20375","Pensacola","Florida","79.7","50","2025 Census incorporated place population >= 20000 and > 50 miles from every master city","1254725"
"Wisconsin","Onalaska","USA","43.889658","-91.204356","20297","Madison","Wisconsin","104.8","50","2025 Census incorporated place population >= 20000 and > 50 miles from every master city","5559925"
"Missouri","Warrensburg","USA","38.762394","-93.72533","20283","Kansas City","Missouri","50.9","50","2025 Census incorporated place population >= 20000 and > 50 miles from every master city","2977092"
"Oregon","Lebanon","USA","44.530982","-122.908081","20267","Portland","Oregon","70.6","50","2025 Census incorporated place population >= 20000 and > 50 miles from every master city","4141650"
"Washington","Port Angeles","USA","48.119236","-123.448013","20146","Seattle","Washington","61.4","50","2025 Census incorporated place population >= 20000 and > 50 miles from every master city","5355365"
"Idaho","Ammon","USA","43.474999","-111.959631","20119","Ogden","Utah","155.2","50","2025 Census incorporated place population >= 20000 and > 50 miles from every master city","1601990"
"Georgia","Richmond Hill","USA","31.900191","-81.310077","20022","Charleston","South Carolina","101","50","2025 Census incorporated place population >= 20000 and > 50 miles from every master city","1365044"
"Wyoming","Sheridan","USA","44.796219","-106.964166","20015","Billings","Montana","103.2","50","2025 Census incorporated place population >= 20000 and > 50 miles from every master city","5669845"
