run_timestamp,city_id,city,state_code,osm_type,osm_id,name,amenity,latitude,longitude,website,phone,opening_hours,happy_hours,happy_hours_kitchen,live_music,karaoke,music_genre,microbrewery,brewery,outdoor_seating,cuisine,address_housenumber,address_street,address_city,address_state,address_postcode,source,source_date,check_date,tags_json
2026-10-02T15:01:21Z,100085,Bozeman,MT,node,3957584985,The Pourhouse,pub,45.6796165,-111.0322377,,+14064041404,Su-Sa 11:00-02:00,"Mo-Fr 14:00-18:00, 22:00-24:00",,,,,,,,,15,North Rouse Avenue,Bozeman,MT,59715,,,,"{""addr:city"":""Bozeman"",""addr:housenumber"":""15"",""addr:postcode"":""59715"",""addr:state"":""MT"",""addr:street"":""North Rouse Avenue"",""amenity"":""pub"",""happy_hours"":""Mo-Fr 14:00-18:00, 22:00-24:00"",""name"":""The Pourhouse"",""opening_hours"":""Su-Sa 11:00-02:00"",""phone"":""+14064041404"",""smoking"":""no""}"
2026-10-02T15:01:21Z,100085,Bozeman,MT,node,3957584986,Zebra Cocktail Lounge,bar,45.67956,-111.032236,http://zebracocktaillounge.com,+1-406-585-8851,,,,,,,,,,,321,East Main Street,Bozeman,MT,59715,,,,"{""addr:city"":""Bozeman"",""addr:housenumber"":""321"",""addr:postcode"":""59715"",""addr:state"":""MT"",""addr:street"":""East Main Street"",""amenity"":""bar"",""name"":""Zebra Cocktail Lounge"",""phone"":""+1-406-585-8851"",""website"":""http://zebracocktaillounge.com""}"
2026-10-02T15:01:21Z,100085,Bozeman,MT,node,3957603823,Copper,bar,45.6794686,-111.0354984,,,,,,,,,,,,,101,East Main Street,Bozeman,MT,,,,,"{""addr:city"":""Bozeman"",""addr:housenumber"":""101"",""addr:state"":""MT"",""addr:street"":""East Main Street"",""amenity"":""bar"",""name"":""Copper""}"
2026-10-02T15:01:21Z,100085,Bozeman,MT,node,3957635541,The Cannery,bar,45.679471,-111.038583,,+1-406-586-0270,,,,,,,,,,american,43,West Main Street,Bozeman,MT,59715-4642,,,,"{""addr:city"":""Bozeman"",""addr:housenumber"":""43"",""addr:postcode"":""59715-4642"",""addr:state"":""MT"",""addr:street"":""West Main Street"",""amenity"":""bar"",""cuisine"":""american"",""name"":""The Cannery"",""phone"":""+1-406-586-0270""}"
2026-10-02T15:01:21Z,100085,Bozeman,MT,node,4004796773,Bacchus Historic Pub,pub,45.679467,-111.03914,https://www.bacchuspub.com/,+1-406-404-1996,,,,,,,,,,,105,West Main Street,Bozeman,MT,59715,,,,"{""addr:city"":""Bozeman"",""addr:housenumber"":""105"",""addr:postcode"":""59715"",""addr:state"":""MT"",""addr:street"":""West Main Street"",""amenity"":""pub"",""name"":""Bacchus Historic Pub"",""phone"":""+1-406-404-1996"",""website"":""https://www.bacchuspub.com/""}"
2026-10-02T15:01:21Z,100085,Bozeman,MT,node,4030294157,Mixers,bar,45.6877653,-111.0446826,,,,,,,,,,,,,515,West Aspen Street,Bozeman,MT,,,,,"{""addr:city"":""Bozeman"",""addr:housenumber"":""515"",""addr:state"":""MT"",""addr:street"":""West Aspen Street"",""amenity"":""bar"",""name"":""Mixers""}"
2026-10-02T15:01:21Z,100085,Bozeman,MT,node,4341852745,Wildrye Distilling,bar,45.693057,-111.0346776,,,15:00-20:00,,,,,,,,,,111,East Oak Street,Bozeman,MT,59715,,,,"{""addr:city"":""Bozeman"",""addr:housenumber"":""111"",""addr:postcode"":""59715"",""addr:state"":""MT"",""addr:street"":""East Oak Street"",""amenity"":""bar"",""name"":""Wildrye Distilling"",""opening_hours"":""15:00-20:00"",""smoking"":""outside""}"
2026-10-02T15:01:21Z,100085,Bozeman,MT,node,4341852748,It Will Always Be That Way,bar,45.69292,-111.034581,https://www.itwillalwaysbethatway.com/,+1-406-585-3745,Su-Th 16:00-23:00; Fr-Sa 16:00-24:00,Su-Sa 16:00-18:00,,,,,,,,,111,East Oak Street,Bozeman,MT,59715,,,,"{""addr:city"":""Bozeman"",""addr:housenumber"":""111"",""addr:postcode"":""59715"",""addr:state"":""MT"",""addr:street"":""East Oak Street"",""addr:unit"":""D"",""amenity"":""bar"",""happy_hours"":""Su-Sa 16:00-18:00"",""name"":""It Will Always Be That Way"",""opening_hours"":""Su-Th 16:00-23:00; Fr-Sa 16:00-24:00"",""opening_hours:kitchen"":""Su-Th 16:00-20:00; Fr-Sa 16:00-22:00"",""phone"":""+1-406-585-3745"",""smoking"":""no"",""website"":""https://www.itwillalwaysbethatway.com/""}"
2026-10-02T15:01:21Z,100085,Bozeman,MT,node,5028358015,Spectators Bar & Grill1,bar,45.663149,-111.054129,http://spectatorssportsbarbzn.com,+1-406-587-2156,,,,,,,,,,,19,Tai Lane,Bozeman,MT,59715,,,,"{""addr:city"":""Bozeman"",""addr:housenumber"":""19"",""addr:postcode"":""59715"",""addr:state"":""MT"",""addr:street"":""Tai Lane"",""amenity"":""bar"",""name"":""Spectators Bar & Grill1"",""phone"":""+1-406-587-2156"",""website"":""http://spectatorssportsbarbzn.com""}"
2026-10-02T15:01:21Z,100085,Bozeman,MT,node,5159560272,Rocking R Bar,bar,45.6794954,-111.0337119,,,,,,,,,,,,,221,East Main Street,Bozeman,MT,59715,,,,"{""addr:city"":""Bozeman"",""addr:housenumber"":""221"",""addr:postcode"":""59715"",""addr:state"":""MT"",""addr:street"":""East Main Street"",""amenity"":""bar"",""name"":""Rocking R Bar""}"
2026-10-02T15:01:21Z,100085,Bozeman,MT,node,5159560274,Pub 317,pub,45.6795105,-111.032407,,+14065828898,Mo-Su 11:00-02:00,,,,,,,,,,321,East Main Street,Bozeman,MT,59715,,,,"{""addr:city"":""Bozeman"",""addr:housenumber"":""321"",""addr:postcode"":""59715"",""addr:state"":""MT"",""addr:street"":""East Main Street"",""amenity"":""pub"",""contact:facebook"":""https://www.facebook.com/pub317/"",""name"":""Pub 317"",""opening_hours"":""Mo-Su 11:00-02:00"",""phone"":""+14065828898""}"
2026-10-02T15:01:21Z,100085,Bozeman,MT,node,13662886491,Bozeman Taproom,pub,45.6805711,-111.0322994,https://www.bozemantaproom.com/,,"Su-Th 11:00-24:00, Fr-Sa 11:00-01:00",Su-Th 15:00-19:00,,,,,,,,american,101,North Rouse Avenue,Bozeman,MT,59715,,,,"{""addr:city"":""Bozeman"",""addr:housenumber"":""101"",""addr:postcode"":""59715"",""addr:state"":""MT"",""addr:street"":""North Rouse Avenue"",""amenity"":""pub"",""cuisine"":""american"",""happy_hours"":""Su-Th 15:00-19:00"",""name"":""Bozeman Taproom"",""opening_hours"":""Su-Th 11:00-24:00, Fr-Sa 11:00-01:00"",""website"":""https://www.bozemantaproom.com/""}"
2026-10-02T15:01:21Z,100085,Bozeman,MT,node,13663193291,Bar Nine,bar,45.6795029,-111.0326521,https://bar-ix.com/,+14065512166,"Mo-Fr 14:00-02:00, Sa-Su 11:00-02:00",,,,,,,,,,311,East Main Street,Bozeman,MT,59715,,,,"{""addr:city"":""Bozeman"",""addr:housenumber"":""311"",""addr:postcode"":""59715"",""addr:state"":""MT"",""addr:street"":""East Main Street"",""amenity"":""bar"",""name"":""Bar Nine"",""opening_hours"":""Mo-Fr 14:00-02:00, Sa-Su 11:00-02:00"",""phone"":""+14065512166"",""website"":""https://bar-ix.com/""}"
2026-10-02T15:01:21Z,100085,Bozeman,MT,node,13663356019,The Crystal Bar,bar,45.6794696,-111.03495,,+14065872888,,,,,,,,,,,123,East Main Street,Bozeman,MT,59715,,,,"{""addr:city"":""Bozeman"",""addr:housenumber"":""123"",""addr:postcode"":""59715"",""addr:state"":""MT"",""addr:street"":""East Main Street"",""amenity"":""bar"",""name"":""The Crystal Bar"",""phone"":""+14065872888""}"
2026-10-02T15:01:21Z,100085,Bozeman,MT,way,391843874,Lockhorn Cider House,pub,45.6787607,-111.028722,,+1-406-404-1168,,,,,,,yes,,,,21,South Wallace Avenue,Bozeman,MT,59715,,,,"{""addr:city"":""Bozeman"",""addr:housenumber"":""21"",""addr:postcode"":""59715"",""addr:state"":""MT"",""addr:street"":""South Wallace Avenue"",""amenity"":""pub"",""building"":""yes"",""microbrewery"":""yes"",""name"":""Lockhorn Cider House"",""phone"":""+1-406-404-1168""}"
2026-10-02T15:01:21Z,100085,Bozeman,MT,way,392383318,Montana Ale Works,bar,45.6796465,-111.0279544,https://www.montanaaleworks.com/,+1-406-587-7700,,,,,,,,yes;various,,burger;sandwich;barbecue;pasta,611,East Main Street,Bozeman,MT,59715,,,,"{""addr:city"":""Bozeman"",""addr:housenumber"":""611"",""addr:postcode"":""59715"",""addr:state"":""MT"",""addr:street"":""East Main Street"",""amenity"":""bar"",""amenity_1"":""restaurant"",""brewery"":""yes;various"",""building"":""yes"",""cuisine"":""burger;sandwich;barbecue;pasta"",""name"":""Montana Ale Works"",""phone"":""+1-406-587-7700"",""smoking"":""outside"",""website"":""https://www.montanaaleworks.com/""}"
2026-10-02T15:01:21Z,100085,Bozeman,MT,way,397703530,Bozeman Spirits Distillery,bar,45.6796114,-111.0393894,,,,,,,,,,,,,121,West Main Street,Bozeman,MT,,,,,"{""addr:city"":""Bozeman"",""addr:housenumber"":""121"",""addr:state"":""MT"",""addr:street"":""West Main Street"",""amenity"":""bar"",""building"":""yes"",""name"":""Bozeman Spirits Distillery""}"
2026-10-02T15:01:21Z,100085,Bozeman,MT,way,397720870,Haufbrau,bar,45.6786209,-111.0475041,,+1-406-587-4931,,,,,,,,,,,22,South 8th Avenue,Bozeman,MT,59715-4445,,,,"{""addr:city"":""Bozeman"",""addr:housenumber"":""22"",""addr:postcode"":""59715-4445"",""addr:state"":""MT"",""addr:street"":""South 8th Avenue"",""amenity"":""bar"",""building"":""yes"",""name"":""Haufbrau"",""phone"":""+1-406-587-4931""}"
2026-10-02T15:01:21Z,100085,Bozeman,MT,way,397720890,The Molly Brown,bar,45.6785905,-111.0469256,,+1-406-522-7362,,,,,,,,,,,703,West Babcock Street,Bozeman,MT,59715-4450,,,,"{""addr:city"":""Bozeman"",""addr:housenumber"":""703"",""addr:postcode"":""59715-4450"",""addr:state"":""MT"",""addr:street"":""West Babcock Street"",""amenity"":""bar"",""building"":""yes"",""name"":""The Molly Brown"",""phone"":""+1-406-522-7362""}"
2026-10-02T15:01:21Z,100085,Bozeman,MT,way,400493605,Cat's Paw,bar,45.687315,-111.0468938,,+1-406-586-3542,,,,,,,,,,,721,North 7th Avenue,Bozeman,MT,59715-2826,,,,"{""addr:city"":""Bozeman"",""addr:housenumber"":""721"",""addr:postcode"":""59715-2826"",""addr:state"":""MT"",""addr:street"":""North 7th Avenue"",""amenity"":""bar"",""building"":""yes"",""name"":""Cat's Paw"",""phone"":""+1-406-586-3542""}"
2026-10-02T15:01:21Z,100085,Bozeman,MT,way,487208056,The Filling Station,bar,45.6987943,-111.0319353,,,,,,,,,,,,,2005,North Rouse Avenue,Bozeman,MT,59715,,,,"{""addr:city"":""Bozeman"",""addr:housenumber"":""2005"",""addr:postcode"":""59715"",""addr:state"":""MT"",""addr:street"":""North Rouse Avenue"",""amenity"":""bar"",""building"":""commercial"",""name"":""The Filling Station""}"
2026-10-02T15:01:21Z,100085,Bozeman,MT,way,551812853,Amphitheater,music_venue,45.6753036,-111.0313895,,,,,,,,,,,,,,,,,,,,,"{""amenity"":""music_venue"",""building"":""yes"",""name"":""Amphitheater""}"
